# Constructed from biom file
# OTU ID	Unspecified	taxonomy	taxid
1470	3.0	sk__Eukaryota;k__Fungi	
13856	7.0	sk__Eukaryota;k__Fungi;p__Ascomycota;c__Leotiomycetes;o__Erysiphales;f__Erysiphaceae;g__Erysiphe;s__Erysiphe_kusanoi	
17177	1.0	sk__Eukaryota;k__Fungi;p__Ascomycota;c__Saccharomycetes;o__Saccharomycetales	
17307	3.0	sk__Eukaryota;k__Fungi;p__Ascomycota;c__Saccharomycetes;o__Saccharomycetales;f__Dipodascaceae	
17361	2.0	sk__Eukaryota;k__Fungi;p__Ascomycota;c__Saccharomycetes;o__Saccharomycetales;f__Dipodascaceae;g__Yarrowia	
17364	1.0	sk__Eukaryota;k__Fungi;p__Ascomycota;c__Saccharomycetes;o__Saccharomycetales;f__Dipodascaceae;g__Yarrowia;s__Yarrowia_lipolytica	
17534	2.0	sk__Eukaryota;k__Fungi;p__Ascomycota;c__Saccharomycetes;o__Saccharomycetales;f__Pichiaceae;g__Dekkera;s__Dekkera_bruxellensis	
17988	1.0	sk__Eukaryota;k__Fungi;p__Ascomycota;c__Saccharomycetes;o__Saccharomycetales;f__Saccharomycetales_fam_Incertae_sedis;g__Candida;s__Candida_parapsilosis	
41263	2.0	sk__Eukaryota;k__Metazoa	
