# Constructed from biom file
# OTU ID	Unspecified	taxonomy	taxid
1470	38.0	sk__Eukaryota;k__Fungi	
1486	357.0	sk__Eukaryota;k__Fungi;p__Ascomycota	
1726	32.0	sk__Eukaryota;k__Fungi;p__Ascomycota;c__Dothideomycetes	
1730	1.0	sk__Eukaryota;k__Fungi;p__Ascomycota;c__Dothideomycetes;o__;f__;g__;s__Dothideomycetes_sp	
2306	3.0	sk__Eukaryota;k__Fungi;p__Ascomycota;c__Dothideomycetes;o__Capnodiales;f__Cladosporiaceae	
2308	1.0	sk__Eukaryota;k__Fungi;p__Ascomycota;c__Dothideomycetes;o__Capnodiales;f__Cladosporiaceae;g__;s__Cladosporiaceae_sp	
4242	15.0	sk__Eukaryota;k__Fungi;p__Ascomycota;c__Dothideomycetes;o__Pleosporales	
4588	1.0	sk__Eukaryota;k__Fungi;p__Ascomycota;c__Dothideomycetes;o__Pleosporales;f__Didymellaceae;g__Epicoccum	
4694	1.0	sk__Eukaryota;k__Fungi;p__Ascomycota;c__Dothideomycetes;o__Pleosporales;f__Didymellaceae;g__Phoma;s__Phoma_sp	
5689	1.0	sk__Eukaryota;k__Fungi;p__Ascomycota;c__Dothideomycetes;o__Pleosporales;f__Pleosporaceae	
5692	2.0	sk__Eukaryota;k__Fungi;p__Ascomycota;c__Dothideomycetes;o__Pleosporales;f__Pleosporaceae;g__Alternaria	
7425	4.0	sk__Eukaryota;k__Fungi;p__Ascomycota;c__Eurotiomycetes;o__Eurotiales;f__Aspergillaceae;g__Aspergillus	
15521	1.0	sk__Eukaryota;k__Fungi;p__Ascomycota;c__Leotiomycetes;o__Helotiales;f__Vibrisseaceae;g__Phialocephala	
16507	3.0	sk__Eukaryota;k__Fungi;p__Ascomycota;c__Pezizomycetes;o__Pezizales;f__Pyronemataceae;g__;s__Pyronemataceae_sp	
17172	9.0	sk__Eukaryota;k__Fungi;p__Ascomycota;c__Saccharomycetes	
17176	1.0	sk__Eukaryota;k__Fungi;p__Ascomycota;c__Saccharomycetes;o__;f__;g__;s__Saccharomycetes_sp	
17177	4219.0	sk__Eukaryota;k__Fungi;p__Ascomycota;c__Saccharomycetes;o__Saccharomycetales	
17180	8.0	sk__Eukaryota;k__Fungi;p__Ascomycota;c__Saccharomycetes;o__Saccharomycetales;f__;g__;s__Saccharomycetales_sp	
17241	1.0	sk__Eukaryota;k__Fungi;p__Ascomycota;c__Saccharomycetes;o__Saccharomycetales;f__Debaryomycetaceae;g__Priceomyces	
17289	1.0	sk__Eukaryota;k__Fungi;p__Ascomycota;c__Saccharomycetes;o__Saccharomycetales;f__Debaryomycetaceae;g__Yamadazyma	
17307	3276.0	sk__Eukaryota;k__Fungi;p__Ascomycota;c__Saccharomycetes;o__Saccharomycetales;f__Dipodascaceae	
17309	124.0	sk__Eukaryota;k__Fungi;p__Ascomycota;c__Saccharomycetes;o__Saccharomycetales;f__Dipodascaceae;g__;s__Dipodascaceae_sp	
17310	4.0	sk__Eukaryota;k__Fungi;p__Ascomycota;c__Saccharomycetes;o__Saccharomycetales;f__Dipodascaceae;g__Dipodascus	
17316	7.0	sk__Eukaryota;k__Fungi;p__Ascomycota;c__Saccharomycetes;o__Saccharomycetales;f__Dipodascaceae;g__Dipodascus;s__Dipodascus_geotrichum	
17336	2.0	sk__Eukaryota;k__Fungi;p__Ascomycota;c__Saccharomycetes;o__Saccharomycetales;f__Dipodascaceae;g__Geotrichum;s__Geotrichum_sp	
17389	3.0	sk__Eukaryota;k__Fungi;p__Ascomycota;c__Saccharomycetes;o__Saccharomycetales;f__Metschnikowiaceae	
17394	38.0	sk__Eukaryota;k__Fungi;p__Ascomycota;c__Saccharomycetes;o__Saccharomycetales;f__Metschnikowiaceae;g__Clavispora	
17395	17.0	sk__Eukaryota;k__Fungi;p__Ascomycota;c__Saccharomycetes;o__Saccharomycetales;f__Metschnikowiaceae;g__Clavispora;s__Clavispora_lusitaniae	
17451	9642.0	sk__Eukaryota;k__Fungi;p__Ascomycota;c__Saccharomycetes;o__Saccharomycetales;f__Phaffomycetaceae	
17462	3032.0	sk__Eukaryota;k__Fungi;p__Ascomycota;c__Saccharomycetes;o__Saccharomycetales;f__Phaffomycetaceae;g__Cyberlindnera	
17468	54.0	sk__Eukaryota;k__Fungi;p__Ascomycota;c__Saccharomycetes;o__Saccharomycetales;f__Phaffomycetaceae;g__Cyberlindnera;s__Cyberlindnera_fabianii	
17470	1.0	sk__Eukaryota;k__Fungi;p__Ascomycota;c__Saccharomycetes;o__Saccharomycetales;f__Phaffomycetaceae;g__Cyberlindnera;s__Cyberlindnera_jadinii	
17499	2266.0	sk__Eukaryota;k__Fungi;p__Ascomycota;c__Saccharomycetes;o__Saccharomycetales;f__Phaffomycetaceae;g__Wickerhamomyces	
17501	283.0	sk__Eukaryota;k__Fungi;p__Ascomycota;c__Saccharomycetes;o__Saccharomycetales;f__Phaffomycetaceae;g__Wickerhamomyces;s__Wickerhamomyces_anomalus	
17519	1.0	sk__Eukaryota;k__Fungi;p__Ascomycota;c__Saccharomycetes;o__Saccharomycetales;f__Phaffomycetaceae;g__Wickerhamomyces;s__Wickerhamomyces_sp	
17521	1.0	sk__Eukaryota;k__Fungi;p__Ascomycota;c__Saccharomycetes;o__Saccharomycetales;f__Phaffomycetaceae;g__Wickerhamomyces;s__Wickerhamomyces_subpelliculosus	
17525	5.0	sk__Eukaryota;k__Fungi;p__Ascomycota;c__Saccharomycetes;o__Saccharomycetales;f__Pichiaceae	
17534	61.0	sk__Eukaryota;k__Fungi;p__Ascomycota;c__Saccharomycetes;o__Saccharomycetales;f__Pichiaceae;g__Dekkera;s__Dekkera_bruxellensis	
17560	1.0	sk__Eukaryota;k__Fungi;p__Ascomycota;c__Saccharomycetes;o__Saccharomycetales;f__Pichiaceae;g__Ogataea;s__Ogataea_angusta	
17596	39.0	sk__Eukaryota;k__Fungi;p__Ascomycota;c__Saccharomycetes;o__Saccharomycetales;f__Pichiaceae;g__Pichia	
17619	24.0	sk__Eukaryota;k__Fungi;p__Ascomycota;c__Saccharomycetes;o__Saccharomycetales;f__Pichiaceae;g__Pichia;s__Pichia_sp	
17635	83.0	sk__Eukaryota;k__Fungi;p__Ascomycota;c__Saccharomycetes;o__Saccharomycetales;f__Saccharomycetaceae	
17637	1.0	sk__Eukaryota;k__Fungi;p__Ascomycota;c__Saccharomycetes;o__Saccharomycetales;f__Saccharomycetaceae;g__;s__Saccharomycetaceae_sp	
17651	8.0	sk__Eukaryota;k__Fungi;p__Ascomycota;c__Saccharomycetes;o__Saccharomycetales;f__Saccharomycetaceae;g__Issatchenkia	
17653	43.0	sk__Eukaryota;k__Fungi;p__Ascomycota;c__Saccharomycetes;o__Saccharomycetales;f__Saccharomycetaceae;g__Issatchenkia;s__Issatchenkia_orientalis	
17655	1.0	sk__Eukaryota;k__Fungi;p__Ascomycota;c__Saccharomycetes;o__Saccharomycetales;f__Saccharomycetaceae;g__Kazachstania	
17694	663.0	sk__Eukaryota;k__Fungi;p__Ascomycota;c__Saccharomycetes;o__Saccharomycetales;f__Saccharomycetaceae;g__Kluyveromyces	
17699	13.0	sk__Eukaryota;k__Fungi;p__Ascomycota;c__Saccharomycetes;o__Saccharomycetales;f__Saccharomycetaceae;g__Kluyveromyces;s__Kluyveromyces_marxianus	
17727	750.0	sk__Eukaryota;k__Fungi;p__Ascomycota;c__Saccharomycetes;o__Saccharomycetales;f__Saccharomycetaceae;g__Saccharomyces	
17731	8290.0	sk__Eukaryota;k__Fungi;p__Ascomycota;c__Saccharomycetes;o__Saccharomycetales;f__Saccharomycetaceae;g__Saccharomyces;s__Saccharomyces_cerevisiae	
17737	142.0	sk__Eukaryota;k__Fungi;p__Ascomycota;c__Saccharomycetes;o__Saccharomycetales;f__Saccharomycetaceae;g__Saccharomyces;s__Saccharomyces_sp	
17767	3.0	sk__Eukaryota;k__Fungi;p__Ascomycota;c__Saccharomycetes;o__Saccharomycetales;f__Saccharomycetaceae;g__Zygosaccharomyces	
17786	2.0	sk__Eukaryota;k__Fungi;p__Ascomycota;c__Saccharomycetes;o__Saccharomycetales;f__Saccharomycetales_fam_Incertae_sedis	
17796	35.0	sk__Eukaryota;k__Fungi;p__Ascomycota;c__Saccharomycetes;o__Saccharomycetales;f__Saccharomycetales_fam_Incertae_sedis;g__Candida	
18077	64.0	sk__Eukaryota;k__Fungi;p__Ascomycota;c__Saccharomycetes;o__Saccharomycetales;f__Saccharomycetales_fam_Incertae_sedis;g__Candida;s__Candida_tropicalis	
18176	11.0	sk__Eukaryota;k__Fungi;p__Ascomycota;c__Saccharomycetes;o__Saccharomycetales;f__Saccharomycodaceae	
18179	3138.0	sk__Eukaryota;k__Fungi;p__Ascomycota;c__Saccharomycetes;o__Saccharomycetales;f__Saccharomycodaceae;g__Hanseniaspora	
18181	15.0	sk__Eukaryota;k__Fungi;p__Ascomycota;c__Saccharomycetes;o__Saccharomycetales;f__Saccharomycodaceae;g__Hanseniaspora;s__Hanseniaspora_guilliermondii	
18185	5.0	sk__Eukaryota;k__Fungi;p__Ascomycota;c__Saccharomycetes;o__Saccharomycetales;f__Saccharomycodaceae;g__Hanseniaspora;s__Hanseniaspora_opuntiae	
18198	1.0	sk__Eukaryota;k__Fungi;p__Ascomycota;c__Saccharomycetes;o__Saccharomycetales;f__Saccharomycodaceae;g__Saccharomycodes	
18325	2.0	sk__Eukaryota;k__Fungi;p__Ascomycota;c__Sordariomycetes	
18631	4.0	sk__Eukaryota;k__Fungi;p__Ascomycota;c__Sordariomycetes;o__Coniochaetales;f__Coniochaetaceae;g__Coniochaeta;s__Coniochaeta_sp	
18978	1.0	sk__Eukaryota;k__Fungi;p__Ascomycota;c__Sordariomycetes;o__Diaporthales;f__Diaporthaceae;g__Stenocarpella;s__Stenocarpella_maydis	
19862	1.0	sk__Eukaryota;k__Fungi;p__Ascomycota;c__Sordariomycetes;o__Glomerellales;f__Plectosphaerellaceae	
20964	2.0	sk__Eukaryota;k__Fungi;p__Ascomycota;c__Sordariomycetes;o__Hypocreales;f__Nectriaceae	
21206	20.0	sk__Eukaryota;k__Fungi;p__Ascomycota;c__Sordariomycetes;o__Hypocreales;f__Nectriaceae;g__Fusarium	
21334	24.0	sk__Eukaryota;k__Fungi;p__Ascomycota;c__Sordariomycetes;o__Hypocreales;f__Nectriaceae;g__Gibberella	
37037	2.0	sk__Eukaryota;k__Fungi;p__Basidiomycota;c__Cystobasidiomycetes;o__Cystobasidiales;f__Cystobasidiaceae;g__Cystobasidium	
37524	2.0	sk__Eukaryota;k__Fungi;p__Basidiomycota;c__Microbotryomycetes	
37744	1.0	sk__Eukaryota;k__Fungi;p__Basidiomycota;c__Microbotryomycetes;o__Sporidiobolales;f__Sporidiobolaceae	
37758	160.0	sk__Eukaryota;k__Fungi;p__Basidiomycota;c__Microbotryomycetes;o__Sporidiobolales;f__Sporidiobolaceae;g__Rhodotorula	
37774	5.0	sk__Eukaryota;k__Fungi;p__Basidiomycota;c__Microbotryomycetes;o__Sporidiobolales;f__Sporidiobolaceae;g__Rhodotorula;s__Rhodotorula_mucilaginosa	
37780	1.0	sk__Eukaryota;k__Fungi;p__Basidiomycota;c__Microbotryomycetes;o__Sporidiobolales;f__Sporidiobolaceae;g__Rhodotorula;s__Rhodotorula_sp	
38499	68.0	sk__Eukaryota;k__Fungi;p__Basidiomycota;c__Tremellomycetes	
38594	15.0	sk__Eukaryota;k__Fungi;p__Basidiomycota;c__Tremellomycetes;o__Filobasidiales;f__Filobasidiaceae;g__Naganishia	
38644	87.0	sk__Eukaryota;k__Fungi;p__Basidiomycota;c__Tremellomycetes;o__Tremellales	
38736	1.0	sk__Eukaryota;k__Fungi;p__Basidiomycota;c__Tremellomycetes;o__Tremellales;f__Bulleribasidiaceae;g__Hannaella;s__Hannaella_luteola	
38857	22.0	sk__Eukaryota;k__Fungi;p__Basidiomycota;c__Tremellomycetes;o__Tremellales;f__Rhynchogastremataceae;g__Papiliotrema	
38907	1.0	sk__Eukaryota;k__Fungi;p__Basidiomycota;c__Tremellomycetes;o__Tremellales;f__Tremellaceae	
39048	7.0	sk__Eukaryota;k__Fungi;p__Basidiomycota;c__Tremellomycetes;o__Trichosporonales;f__Trichosporonaceae	
39053	543.0	sk__Eukaryota;k__Fungi;p__Basidiomycota;c__Tremellomycetes;o__Trichosporonales;f__Trichosporonaceae;g__Apiotrichum	
39081	26.0	sk__Eukaryota;k__Fungi;p__Basidiomycota;c__Tremellomycetes;o__Trichosporonales;f__Trichosporonaceae;g__Cutaneotrichosporon	
39103	176.0	sk__Eukaryota;k__Fungi;p__Basidiomycota;c__Tremellomycetes;o__Trichosporonales;f__Trichosporonaceae;g__Trichosporon	
40728	29.0	sk__Eukaryota;k__Fungi;p__Mucoromycota;c__Mucoromycetes;o__Mucorales;f__Mucoraceae;g__Mucor	
40832	802.0	sk__Eukaryota;k__Fungi;p__Mucoromycota;c__Mucoromycetes;o__Mucorales;f__Rhizopodaceae;g__Rhizopus	
40834	8.0	sk__Eukaryota;k__Fungi;p__Mucoromycota;c__Mucoromycetes;o__Mucorales;f__Rhizopodaceae;g__Rhizopus;s__Rhizopus_arrhizus	
40844	1.0	sk__Eukaryota;k__Fungi;p__Mucoromycota;c__Mucoromycetes;o__Mucorales;f__Rhizopodaceae;g__Rhizopus;s__Rhizopus_sp	
41232	2.0	sk__Eukaryota;k__Ichthyosporia	
