# Constructed from biom file
# OTU ID	Unspecified	taxonomy	taxid
1470	6.0	sk__Eukaryota;k__Fungi	
1486	120.0	sk__Eukaryota;k__Fungi;p__Ascomycota	
1726	7.0	sk__Eukaryota;k__Fungi;p__Ascomycota;c__Dothideomycetes	
2230	4.0	sk__Eukaryota;k__Fungi;p__Ascomycota;c__Dothideomycetes;o__Capnodiales	
2233	1.0	sk__Eukaryota;k__Fungi;p__Ascomycota;c__Dothideomycetes;o__Capnodiales;f__;g__;s__Capnodiales_sp	
2306	2.0	sk__Eukaryota;k__Fungi;p__Ascomycota;c__Dothideomycetes;o__Capnodiales;f__Cladosporiaceae	
2309	2656.0	sk__Eukaryota;k__Fungi;p__Ascomycota;c__Dothideomycetes;o__Capnodiales;f__Cladosporiaceae;g__Cladosporium	
2401	3.0	sk__Eukaryota;k__Fungi;p__Ascomycota;c__Dothideomycetes;o__Capnodiales;f__Cladosporiaceae;g__Cladosporium;s__Cladosporium_sp	
2459	11.0	sk__Eukaryota;k__Fungi;p__Ascomycota;c__Dothideomycetes;o__Capnodiales;f__Cladosporiaceae;g__Verrucocladosporium	
3192	5.0	sk__Eukaryota;k__Fungi;p__Ascomycota;c__Dothideomycetes;o__Capnodiales;f__Mycosphaerellaceae;g__Ramularia	
4242	6.0	sk__Eukaryota;k__Fungi;p__Ascomycota;c__Dothideomycetes;o__Pleosporales	
4469	1.0	sk__Eukaryota;k__Fungi;p__Ascomycota;c__Dothideomycetes;o__Pleosporales;f__Didymellaceae	
7029	8.0	sk__Eukaryota;k__Fungi;p__Ascomycota;c__Eurotiomycetes	
7036	5.0	sk__Eukaryota;k__Fungi;p__Ascomycota;c__Eurotiomycetes;o__Chaetothyriales	
7142	1.0	sk__Eukaryota;k__Fungi;p__Ascomycota;c__Eurotiomycetes;o__Chaetothyriales;f__Cyphellophoraceae;g__Cyphellophora;s__Cyphellophora_reptans	
7144	1.0	sk__Eukaryota;k__Fungi;p__Ascomycota;c__Eurotiomycetes;o__Chaetothyriales;f__Cyphellophoraceae;g__Cyphellophora;s__Cyphellophora_sp	
7241	1.0	sk__Eukaryota;k__Fungi;p__Ascomycota;c__Eurotiomycetes;o__Chaetothyriales;f__Herpotrichiellaceae;g__Exophiala;s__Exophiala_dermatitidis	
7418	52.0	sk__Eukaryota;k__Fungi;p__Ascomycota;c__Eurotiomycetes;o__Eurotiales	
7422	71.0	sk__Eukaryota;k__Fungi;p__Ascomycota;c__Eurotiomycetes;o__Eurotiales;f__Aspergillaceae	
7425	3612.0	sk__Eukaryota;k__Fungi;p__Ascomycota;c__Eurotiomycetes;o__Eurotiales;f__Aspergillaceae;g__Aspergillus	
7506	45.0	sk__Eukaryota;k__Fungi;p__Ascomycota;c__Eurotiomycetes;o__Eurotiales;f__Aspergillaceae;g__Aspergillus;s__Aspergillus_conicus	
7728	16.0	sk__Eukaryota;k__Fungi;p__Ascomycota;c__Eurotiomycetes;o__Eurotiales;f__Aspergillaceae;g__Aspergillus;s__Aspergillus_sp	
7852	206.0	sk__Eukaryota;k__Fungi;p__Ascomycota;c__Eurotiomycetes;o__Eurotiales;f__Aspergillaceae;g__Penicillium	
7903	136.0	sk__Eukaryota;k__Fungi;p__Ascomycota;c__Eurotiomycetes;o__Eurotiales;f__Aspergillaceae;g__Penicillium;s__Penicillium_brevicompactum	
8164	3.0	sk__Eukaryota;k__Fungi;p__Ascomycota;c__Eurotiomycetes;o__Eurotiales;f__Aspergillaceae;g__Penicillium;s__Penicillium_phoeniceum	
17172	2.0	sk__Eukaryota;k__Fungi;p__Ascomycota;c__Saccharomycetes	
17177	68.0	sk__Eukaryota;k__Fungi;p__Ascomycota;c__Saccharomycetes;o__Saccharomycetales	
17195	800.0	sk__Eukaryota;k__Fungi;p__Ascomycota;c__Saccharomycetes;o__Saccharomycetales;f__Debaryomycetaceae;g__Debaryomyces	
17207	1.0	sk__Eukaryota;k__Fungi;p__Ascomycota;c__Saccharomycetes;o__Saccharomycetales;f__Debaryomycetaceae;g__Debaryomyces;s__Debaryomyces_sp	
17289	1.0	sk__Eukaryota;k__Fungi;p__Ascomycota;c__Saccharomycetes;o__Saccharomycetales;f__Debaryomycetaceae;g__Yamadazyma	
17307	4.0	sk__Eukaryota;k__Fungi;p__Ascomycota;c__Saccharomycetes;o__Saccharomycetales;f__Dipodascaceae	
17451	7.0	sk__Eukaryota;k__Fungi;p__Ascomycota;c__Saccharomycetes;o__Saccharomycetales;f__Phaffomycetaceae	
17499	9.0	sk__Eukaryota;k__Fungi;p__Ascomycota;c__Saccharomycetes;o__Saccharomycetales;f__Phaffomycetaceae;g__Wickerhamomyces	
17501	2.0	sk__Eukaryota;k__Fungi;p__Ascomycota;c__Saccharomycetes;o__Saccharomycetales;f__Phaffomycetaceae;g__Wickerhamomyces;s__Wickerhamomyces_anomalus	
17525	6.0	sk__Eukaryota;k__Fungi;p__Ascomycota;c__Saccharomycetes;o__Saccharomycetales;f__Pichiaceae	
17530	1.0	sk__Eukaryota;k__Fungi;p__Ascomycota;c__Saccharomycetes;o__Saccharomycetales;f__Pichiaceae;g__Brettanomyces	
17531	3.0	sk__Eukaryota;k__Fungi;p__Ascomycota;c__Saccharomycetes;o__Saccharomycetales;f__Pichiaceae;g__Brettanomyces;s__Brettanomyces_sp	
17532	31.0	sk__Eukaryota;k__Fungi;p__Ascomycota;c__Saccharomycetes;o__Saccharomycetales;f__Pichiaceae;g__Dekkera	
17533	28.0	sk__Eukaryota;k__Fungi;p__Ascomycota;c__Saccharomycetes;o__Saccharomycetales;f__Pichiaceae;g__Dekkera;s__Dekkera_anomala	
17534	33816.0	sk__Eukaryota;k__Fungi;p__Ascomycota;c__Saccharomycetes;o__Saccharomycetales;f__Pichiaceae;g__Dekkera;s__Dekkera_bruxellensis	
17535	5554.0	sk__Eukaryota;k__Fungi;p__Ascomycota;c__Saccharomycetes;o__Saccharomycetales;f__Pichiaceae;g__Dekkera;s__Dekkera_custersiana	
17558	1.0	sk__Eukaryota;k__Fungi;p__Ascomycota;c__Saccharomycetes;o__Saccharomycetales;f__Pichiaceae;g__Ogataea	
17589	3.0	sk__Eukaryota;k__Fungi;p__Ascomycota;c__Saccharomycetes;o__Saccharomycetales;f__Pichiaceae;g__Ogataea;s__Ogataea_sp	
17596	144.0	sk__Eukaryota;k__Fungi;p__Ascomycota;c__Saccharomycetes;o__Saccharomycetales;f__Pichiaceae;g__Pichia	
17611	5.0	sk__Eukaryota;k__Fungi;p__Ascomycota;c__Saccharomycetes;o__Saccharomycetales;f__Pichiaceae;g__Pichia;s__Pichia_membranifaciens	
17614	2.0	sk__Eukaryota;k__Fungi;p__Ascomycota;c__Saccharomycetes;o__Saccharomycetales;f__Pichiaceae;g__Pichia;s__Pichia_norvegensis	
17635	29.0	sk__Eukaryota;k__Fungi;p__Ascomycota;c__Saccharomycetes;o__Saccharomycetales;f__Saccharomycetaceae	
17727	41.0	sk__Eukaryota;k__Fungi;p__Ascomycota;c__Saccharomycetes;o__Saccharomycetales;f__Saccharomycetaceae;g__Saccharomyces	
17767	30.0	sk__Eukaryota;k__Fungi;p__Ascomycota;c__Saccharomycetes;o__Saccharomycetales;f__Saccharomycetaceae;g__Zygosaccharomyces	
17768	33.0	sk__Eukaryota;k__Fungi;p__Ascomycota;c__Saccharomycetes;o__Saccharomycetales;f__Saccharomycetaceae;g__Zygosaccharomyces;s__Zygosaccharomyces_bailii	
17796	6.0	sk__Eukaryota;k__Fungi;p__Ascomycota;c__Saccharomycetes;o__Saccharomycetales;f__Saccharomycetales_fam_Incertae_sedis;g__Candida	
17950	4.0	sk__Eukaryota;k__Fungi;p__Ascomycota;c__Saccharomycetes;o__Saccharomycetales;f__Saccharomycetales_fam_Incertae_sedis;g__Candida;s__Candida_magnoliae	
17973	4.0	sk__Eukaryota;k__Fungi;p__Ascomycota;c__Saccharomycetes;o__Saccharomycetales;f__Saccharomycetales_fam_Incertae_sedis;g__Candida;s__Candida_norvegica	
18010	2.0	sk__Eukaryota;k__Fungi;p__Ascomycota;c__Saccharomycetes;o__Saccharomycetales;f__Saccharomycetales_fam_Incertae_sedis;g__Candida;s__Candida_quercitrusa	
18137	6.0	sk__Eukaryota;k__Fungi;p__Ascomycota;c__Saccharomycetes;o__Saccharomycetales;f__Saccharomycetales_fam_Incertae_sedis;g__Starmerella	
18290	2.0	sk__Eukaryota;k__Fungi;p__Ascomycota;c__Saccharomycetes;o__Saccharomycetales;f__Trichomonascaceae;g__Zygoascus;s__Zygoascus_polysorbophila	
18298	1.0	sk__Eukaryota;k__Fungi;p__Ascomycota;c__Saccharomycetes;o__Saccharomycetales;f__Trigonopsidaceae;g__Tortispora	
20383	1.0	sk__Eukaryota;k__Fungi;p__Ascomycota;c__Sordariomycetes;o__Hypocreales;f__Cordycipitaceae;g__Lecanicillium	
20964	1.0	sk__Eukaryota;k__Fungi;p__Ascomycota;c__Sordariomycetes;o__Hypocreales;f__Nectriaceae	
25117	1.0	sk__Eukaryota;k__Fungi;p__Basidiomycota	
25126	6.0	sk__Eukaryota;k__Fungi;p__Basidiomycota;c__Agaricomycetes	
25133	2.0	sk__Eukaryota;k__Fungi;p__Basidiomycota;c__Agaricomycetes;o__Agaricales	
25773	1.0	sk__Eukaryota;k__Fungi;p__Basidiomycota;c__Agaricomycetes;o__Agaricales;f__Agaricales_fam_Incertae_sedis;g__Chondrostereum	
25774	4.0	sk__Eukaryota;k__Fungi;p__Basidiomycota;c__Agaricomycetes;o__Agaricales;f__Agaricales_fam_Incertae_sedis;g__Chondrostereum;s__Chondrostereum_purpureum	
30029	4.0	sk__Eukaryota;k__Fungi;p__Basidiomycota;c__Agaricomycetes;o__Agaricales;f__Psathyrellaceae	
30032	6.0	sk__Eukaryota;k__Fungi;p__Basidiomycota;c__Agaricomycetes;o__Agaricales;f__Psathyrellaceae;g__Coprinellus	
32748	4.0	sk__Eukaryota;k__Fungi;p__Basidiomycota;c__Agaricomycetes;o__Cantharellales	
32884	4.0	sk__Eukaryota;k__Fungi;p__Basidiomycota;c__Agaricomycetes;o__Cantharellales;f__Cantharellales_fam_Incertae_sedis;g__Sistotrema;s__Sistotrema_brinkmannii	
32893	1.0	sk__Eukaryota;k__Fungi;p__Basidiomycota;c__Agaricomycetes;o__Cantharellales;f__Cantharellales_fam_Incertae_sedis;g__Sistotrema;s__Sistotrema_oblongisporum	
33869	5.0	sk__Eukaryota;k__Fungi;p__Basidiomycota;c__Agaricomycetes;o__Hymenochaetales;f__Schizoporaceae;g__Hyphodontia;s__Hyphodontia_microspora	
34300	1.0	sk__Eukaryota;k__Fungi;p__Basidiomycota;c__Agaricomycetes;o__Polyporales;f__Fomitopsidaceae;g__Laetiporus;s__Laetiporus_sp	
34942	1.0	sk__Eukaryota;k__Fungi;p__Basidiomycota;c__Agaricomycetes;o__Polyporales;f__Meruliaceae;g__Phlebia;s__Phlebia_sp	
34985	2.0	sk__Eukaryota;k__Fungi;p__Basidiomycota;c__Agaricomycetes;o__Polyporales;f__Meruliaceae;g__Terana;s__Terana_coerulea	
36902	2.0	sk__Eukaryota;k__Fungi;p__Basidiomycota;c__Agaricomycetes;o__Trechisporales;f__Trechisporales_fam_Incertae_sedis;g__Sistotremastrum;s__Sistotremastrum_sp	
36921	19.0	sk__Eukaryota;k__Fungi;p__Basidiomycota;c__Agaricostilbomycetes;o__Agaricostilbales;f__Agaricostilbaceae	
36925	10.0	sk__Eukaryota;k__Fungi;p__Basidiomycota;c__Agaricostilbomycetes;o__Agaricostilbales;f__Agaricostilbaceae;g__Sterigmatomyces	
36927	1424.0	sk__Eukaryota;k__Fungi;p__Basidiomycota;c__Agaricostilbomycetes;o__Agaricostilbales;f__Agaricostilbaceae;g__Sterigmatomyces;s__Sterigmatomyces_halophilus	
36930	900.0	sk__Eukaryota;k__Fungi;p__Basidiomycota;c__Agaricostilbomycetes;o__Agaricostilbales;f__Agaricostilbaceae;g__Sterigmatomyces;s__Sterigmatomyces_sp	
37037	5.0	sk__Eukaryota;k__Fungi;p__Basidiomycota;c__Cystobasidiomycetes;o__Cystobasidiales;f__Cystobasidiaceae;g__Cystobasidium	
37072	1.0	sk__Eukaryota;k__Fungi;p__Basidiomycota;c__Cystobasidiomycetes;o__Cystobasidiomycetes_ord_Incertae_sedis;f__Symmetrosporaceae;g__Symmetrospora	
37092	2.0	sk__Eukaryota;k__Fungi;p__Basidiomycota;c__Cystobasidiomycetes;o__Erythrobasidiales;f__Erythrobasidiaceae;g__Erythrobasidium	
37263	1.0	sk__Eukaryota;k__Fungi;p__Basidiomycota;c__Exobasidiomycetes;o__Exobasidiales	
37507	2.0	sk__Eukaryota;k__Fungi;p__Basidiomycota;c__Malasseziomycetes;o__Malasseziales;f__Malasseziaceae;g__Malassezia	
37758	5.0	sk__Eukaryota;k__Fungi;p__Basidiomycota;c__Microbotryomycetes;o__Sporidiobolales;f__Sporidiobolaceae;g__Rhodotorula	
37774	12.0	sk__Eukaryota;k__Fungi;p__Basidiomycota;c__Microbotryomycetes;o__Sporidiobolales;f__Sporidiobolaceae;g__Rhodotorula;s__Rhodotorula_mucilaginosa	
38549	2.0	sk__Eukaryota;k__Fungi;p__Basidiomycota;c__Tremellomycetes;o__Cystofilobasidiales;f__Mrakiaceae;g__Tausonia	
38644	1.0	sk__Eukaryota;k__Fungi;p__Basidiomycota;c__Tremellomycetes;o__Tremellales	
38747	3.0	sk__Eukaryota;k__Fungi;p__Basidiomycota;c__Tremellomycetes;o__Tremellales;f__Bulleribasidiaceae;g__Vishniacozyma	
38758	2.0	sk__Eukaryota;k__Fungi;p__Basidiomycota;c__Tremellomycetes;o__Tremellales;f__Bulleribasidiaceae;g__Vishniacozyma;s__Vishniacozyma_victoriae	
39048	2.0	sk__Eukaryota;k__Fungi;p__Basidiomycota;c__Tremellomycetes;o__Trichosporonales;f__Trichosporonaceae	
39103	5.0	sk__Eukaryota;k__Fungi;p__Basidiomycota;c__Tremellomycetes;o__Trichosporonales;f__Trichosporonaceae;g__Trichosporon	
39124	5.0	sk__Eukaryota;k__Fungi;p__Basidiomycota;c__Tremellomycetes;o__Trichosporonales;f__Trichosporonaceae;g__Trichosporon;s__Trichosporon_otae	
39517	1.0	sk__Eukaryota;k__Fungi;p__Basidiomycota;c__Wallemiomycetes	
39522	18.0	sk__Eukaryota;k__Fungi;p__Basidiomycota;c__Wallemiomycetes;o__Wallemiales	
39526	63.0	sk__Eukaryota;k__Fungi;p__Basidiomycota;c__Wallemiomycetes;o__Wallemiales;f__Wallemiaceae	
39527	988.0	sk__Eukaryota;k__Fungi;p__Basidiomycota;c__Wallemiomycetes;o__Wallemiales;f__Wallemiaceae;g__Wallemia	
39529	16.0	sk__Eukaryota;k__Fungi;p__Basidiomycota;c__Wallemiomycetes;o__Wallemiales;f__Wallemiaceae;g__Wallemia;s__Wallemia_hederae	
39531	84.0	sk__Eukaryota;k__Fungi;p__Basidiomycota;c__Wallemiomycetes;o__Wallemiales;f__Wallemiaceae;g__Wallemia;s__Wallemia_mellicola	
39532	7375.0	sk__Eukaryota;k__Fungi;p__Basidiomycota;c__Wallemiomycetes;o__Wallemiales;f__Wallemiaceae;g__Wallemia;s__Wallemia_muriae	
39533	30.0	sk__Eukaryota;k__Fungi;p__Basidiomycota;c__Wallemiomycetes;o__Wallemiales;f__Wallemiaceae;g__Wallemia;s__Wallemia_sebi	
39534	76.0	sk__Eukaryota;k__Fungi;p__Basidiomycota;c__Wallemiomycetes;o__Wallemiales;f__Wallemiaceae;g__Wallemia;s__Wallemia_sp	
40728	12.0	sk__Eukaryota;k__Fungi;p__Mucoromycota;c__Mucoromycetes;o__Mucorales;f__Mucoraceae;g__Mucor	
41263	24.0	sk__Eukaryota;k__Metazoa	
43012	33.0	sk__Eukaryota;k__Metazoa;p__Arthropoda;c__Arachnida;o__Trombidiformes	
43053	1.0	sk__Eukaryota;k__Metazoa;p__Arthropoda;c__Arachnida;o__Trombidiformes;f__Tarsonemidae	
43054	8.0	sk__Eukaryota;k__Metazoa;p__Arthropoda;c__Arachnida;o__Trombidiformes;f__Tarsonemidae;g__Acarapis	
61737	2.0	sk__Eukaryota;k__Viridiplantae	
118960	96.0	sk__Eukaryota;k__Viridiplantae;p__Anthophyta;c__Eudicotyledonae;o__Rosales;f__Cannabaceae;g__Humulus;s__Humulus_lupulus	
