# Constructed from biom file
# OTU ID	Unspecified	taxonomy	taxid
1486	123.0	sk__Eukaryota;k__Fungi;p__Ascomycota	
1726	1.0	sk__Eukaryota;k__Fungi;p__Ascomycota;c__Dothideomycetes	
2230	1.0	sk__Eukaryota;k__Fungi;p__Ascomycota;c__Dothideomycetes;o__Capnodiales	
2233	2.0	sk__Eukaryota;k__Fungi;p__Ascomycota;c__Dothideomycetes;o__Capnodiales;f__;g__;s__Capnodiales_sp	
2309	270.0	sk__Eukaryota;k__Fungi;p__Ascomycota;c__Dothideomycetes;o__Capnodiales;f__Cladosporiaceae;g__Cladosporium	
2459	1.0	sk__Eukaryota;k__Fungi;p__Ascomycota;c__Dothideomycetes;o__Capnodiales;f__Cladosporiaceae;g__Verrucocladosporium	
3858	1.0	sk__Eukaryota;k__Fungi;p__Ascomycota;c__Dothideomycetes;o__Dothideales	
3863	2.0	sk__Eukaryota;k__Fungi;p__Ascomycota;c__Dothideomycetes;o__Dothideales;f__Aureobasidiaceae;g__Aureobasidium	
7422	7.0	sk__Eukaryota;k__Fungi;p__Ascomycota;c__Eurotiomycetes;o__Eurotiales;f__Aspergillaceae	
7425	600.0	sk__Eukaryota;k__Fungi;p__Ascomycota;c__Eurotiomycetes;o__Eurotiales;f__Aspergillaceae;g__Aspergillus	
7506	5.0	sk__Eukaryota;k__Fungi;p__Ascomycota;c__Eurotiomycetes;o__Eurotiales;f__Aspergillaceae;g__Aspergillus;s__Aspergillus_conicus	
7852	423.0	sk__Eukaryota;k__Fungi;p__Ascomycota;c__Eurotiomycetes;o__Eurotiales;f__Aspergillaceae;g__Penicillium	
7903	26.0	sk__Eukaryota;k__Fungi;p__Ascomycota;c__Eurotiomycetes;o__Eurotiales;f__Aspergillaceae;g__Penicillium;s__Penicillium_brevicompactum	
8164	3.0	sk__Eukaryota;k__Fungi;p__Ascomycota;c__Eurotiomycetes;o__Eurotiales;f__Aspergillaceae;g__Penicillium;s__Penicillium_phoeniceum	
8219	1.0	sk__Eukaryota;k__Fungi;p__Ascomycota;c__Eurotiomycetes;o__Eurotiales;f__Aspergillaceae;g__Penicillium;s__Penicillium_sp	
13021	2.0	sk__Eukaryota;k__Fungi;p__Ascomycota;c__Lecanoromycetes;o__Teloschistales;f__Teloschistaceae;g__;s__Teloschistaceae_sp	
17172	5.0	sk__Eukaryota;k__Fungi;p__Ascomycota;c__Saccharomycetes	
17177	98.0	sk__Eukaryota;k__Fungi;p__Ascomycota;c__Saccharomycetes;o__Saccharomycetales	
17195	298.0	sk__Eukaryota;k__Fungi;p__Ascomycota;c__Saccharomycetes;o__Saccharomycetales;f__Debaryomycetaceae;g__Debaryomyces	
17307	3.0	sk__Eukaryota;k__Fungi;p__Ascomycota;c__Saccharomycetes;o__Saccharomycetales;f__Dipodascaceae	
17361	3.0	sk__Eukaryota;k__Fungi;p__Ascomycota;c__Saccharomycetes;o__Saccharomycetales;f__Dipodascaceae;g__Yarrowia	
17451	14.0	sk__Eukaryota;k__Fungi;p__Ascomycota;c__Saccharomycetes;o__Saccharomycetales;f__Phaffomycetaceae	
17499	33.0	sk__Eukaryota;k__Fungi;p__Ascomycota;c__Saccharomycetes;o__Saccharomycetales;f__Phaffomycetaceae;g__Wickerhamomyces	
17501	10.0	sk__Eukaryota;k__Fungi;p__Ascomycota;c__Saccharomycetes;o__Saccharomycetales;f__Phaffomycetaceae;g__Wickerhamomyces;s__Wickerhamomyces_anomalus	
17525	23.0	sk__Eukaryota;k__Fungi;p__Ascomycota;c__Saccharomycetes;o__Saccharomycetales;f__Pichiaceae	
17530	453.0	sk__Eukaryota;k__Fungi;p__Ascomycota;c__Saccharomycetes;o__Saccharomycetales;f__Pichiaceae;g__Brettanomyces	
17531	4519.0	sk__Eukaryota;k__Fungi;p__Ascomycota;c__Saccharomycetes;o__Saccharomycetales;f__Pichiaceae;g__Brettanomyces;s__Brettanomyces_sp	
17532	578.0	sk__Eukaryota;k__Fungi;p__Ascomycota;c__Saccharomycetes;o__Saccharomycetales;f__Pichiaceae;g__Dekkera	
17533	7.0	sk__Eukaryota;k__Fungi;p__Ascomycota;c__Saccharomycetes;o__Saccharomycetales;f__Pichiaceae;g__Dekkera;s__Dekkera_anomala	
17534	20055.0	sk__Eukaryota;k__Fungi;p__Ascomycota;c__Saccharomycetes;o__Saccharomycetales;f__Pichiaceae;g__Dekkera;s__Dekkera_bruxellensis	
17535	3918.0	sk__Eukaryota;k__Fungi;p__Ascomycota;c__Saccharomycetes;o__Saccharomycetales;f__Pichiaceae;g__Dekkera;s__Dekkera_custersiana	
17596	1625.0	sk__Eukaryota;k__Fungi;p__Ascomycota;c__Saccharomycetes;o__Saccharomycetales;f__Pichiaceae;g__Pichia	
17611	28.0	sk__Eukaryota;k__Fungi;p__Ascomycota;c__Saccharomycetes;o__Saccharomycetales;f__Pichiaceae;g__Pichia;s__Pichia_membranifaciens	
17635	170.0	sk__Eukaryota;k__Fungi;p__Ascomycota;c__Saccharomycetes;o__Saccharomycetales;f__Saccharomycetaceae	
17727	8536.0	sk__Eukaryota;k__Fungi;p__Ascomycota;c__Saccharomycetes;o__Saccharomycetales;f__Saccharomycetaceae;g__Saccharomyces	
17731	1.0	sk__Eukaryota;k__Fungi;p__Ascomycota;c__Saccharomycetes;o__Saccharomycetales;f__Saccharomycetaceae;g__Saccharomyces;s__Saccharomyces_cerevisiae	
17750	5.0	sk__Eukaryota;k__Fungi;p__Ascomycota;c__Saccharomycetes;o__Saccharomycetales;f__Saccharomycetaceae;g__Torulaspora;s__Torulaspora_delbrueckii	
17767	144.0	sk__Eukaryota;k__Fungi;p__Ascomycota;c__Saccharomycetes;o__Saccharomycetales;f__Saccharomycetaceae;g__Zygosaccharomyces	
17768	537.0	sk__Eukaryota;k__Fungi;p__Ascomycota;c__Saccharomycetes;o__Saccharomycetales;f__Saccharomycetaceae;g__Zygosaccharomyces;s__Zygosaccharomyces_bailii	
17769	35.0	sk__Eukaryota;k__Fungi;p__Ascomycota;c__Saccharomycetes;o__Saccharomycetales;f__Saccharomycetaceae;g__Zygosaccharomyces;s__Zygosaccharomyces_bisporus	
17796	3.0	sk__Eukaryota;k__Fungi;p__Ascomycota;c__Saccharomycetes;o__Saccharomycetales;f__Saccharomycetales_fam_Incertae_sedis;g__Candida	
17950	7.0	sk__Eukaryota;k__Fungi;p__Ascomycota;c__Saccharomycetes;o__Saccharomycetales;f__Saccharomycetales_fam_Incertae_sedis;g__Candida;s__Candida_magnoliae	
18010	7.0	sk__Eukaryota;k__Fungi;p__Ascomycota;c__Saccharomycetes;o__Saccharomycetales;f__Saccharomycetales_fam_Incertae_sedis;g__Candida;s__Candida_quercitrusa	
18137	5.0	sk__Eukaryota;k__Fungi;p__Ascomycota;c__Saccharomycetes;o__Saccharomycetales;f__Saccharomycetales_fam_Incertae_sedis;g__Starmerella	
18220	1.0	sk__Eukaryota;k__Fungi;p__Ascomycota;c__Saccharomycetes;o__Saccharomycetales;f__Trichomonascaceae	
25133	1.0	sk__Eukaryota;k__Fungi;p__Basidiomycota;c__Agaricomycetes;o__Agaricales	
30190	5.0	sk__Eukaryota;k__Fungi;p__Basidiomycota;c__Agaricomycetes;o__Agaricales;f__Psathyrellaceae;g__Psathyrella	
30542	1.0	sk__Eukaryota;k__Fungi;p__Basidiomycota;c__Agaricomycetes;o__Agaricales;f__Strophariaceae;g__Pholiota	
32878	3.0	sk__Eukaryota;k__Fungi;p__Basidiomycota;c__Agaricomycetes;o__Cantharellales;f__Cantharellales_fam_Incertae_sedis;g__Sistotrema	
35444	2.0	sk__Eukaryota;k__Fungi;p__Basidiomycota;c__Agaricomycetes;o__Polyporales;f__Xenasmataceae	
36925	2.0	sk__Eukaryota;k__Fungi;p__Basidiomycota;c__Agaricostilbomycetes;o__Agaricostilbales;f__Agaricostilbaceae;g__Sterigmatomyces	
36927	214.0	sk__Eukaryota;k__Fungi;p__Basidiomycota;c__Agaricostilbomycetes;o__Agaricostilbales;f__Agaricostilbaceae;g__Sterigmatomyces;s__Sterigmatomyces_halophilus	
36930	105.0	sk__Eukaryota;k__Fungi;p__Basidiomycota;c__Agaricostilbomycetes;o__Agaricostilbales;f__Agaricostilbaceae;g__Sterigmatomyces;s__Sterigmatomyces_sp	
37507	9.0	sk__Eukaryota;k__Fungi;p__Basidiomycota;c__Malasseziomycetes;o__Malasseziales;f__Malasseziaceae;g__Malassezia	
37758	3.0	sk__Eukaryota;k__Fungi;p__Basidiomycota;c__Microbotryomycetes;o__Sporidiobolales;f__Sporidiobolaceae;g__Rhodotorula	
37774	1.0	sk__Eukaryota;k__Fungi;p__Basidiomycota;c__Microbotryomycetes;o__Sporidiobolales;f__Sporidiobolaceae;g__Rhodotorula;s__Rhodotorula_mucilaginosa	
39048	2.0	sk__Eukaryota;k__Fungi;p__Basidiomycota;c__Tremellomycetes;o__Trichosporonales;f__Trichosporonaceae	
39527	48.0	sk__Eukaryota;k__Fungi;p__Basidiomycota;c__Wallemiomycetes;o__Wallemiales;f__Wallemiaceae;g__Wallemia	
39529	6.0	sk__Eukaryota;k__Fungi;p__Basidiomycota;c__Wallemiomycetes;o__Wallemiales;f__Wallemiaceae;g__Wallemia;s__Wallemia_hederae	
39532	437.0	sk__Eukaryota;k__Fungi;p__Basidiomycota;c__Wallemiomycetes;o__Wallemiales;f__Wallemiaceae;g__Wallemia;s__Wallemia_muriae	
39534	1.0	sk__Eukaryota;k__Fungi;p__Basidiomycota;c__Wallemiomycetes;o__Wallemiales;f__Wallemiaceae;g__Wallemia;s__Wallemia_sp	
40728	4.0	sk__Eukaryota;k__Fungi;p__Mucoromycota;c__Mucoromycetes;o__Mucorales;f__Mucoraceae;g__Mucor	
40888	1.0	sk__Eukaryota;k__Fungi;p__Mucoromycota;c__Umbelopsidomycetes;o__Umbelopsidales;f__Umbelopsidaceae;g__Umbelopsis;s__Umbelopsis_sp	
41263	5.0	sk__Eukaryota;k__Metazoa	
43012	2.0	sk__Eukaryota;k__Metazoa;p__Arthropoda;c__Arachnida;o__Trombidiformes	
43054	4.0	sk__Eukaryota;k__Metazoa;p__Arthropoda;c__Arachnida;o__Trombidiformes;f__Tarsonemidae;g__Acarapis	
118960	8.0	sk__Eukaryota;k__Viridiplantae;p__Anthophyta;c__Eudicotyledonae;o__Rosales;f__Cannabaceae;g__Humulus;s__Humulus_lupulus	
