# Constructed from biom file
# OTU ID	Unspecified	taxonomy	taxid
1470	2.0	sk__Eukaryota;k__Fungi	
1486	986.0	sk__Eukaryota;k__Fungi;p__Ascomycota	
1726	9.0	sk__Eukaryota;k__Fungi;p__Ascomycota;c__Dothideomycetes	
1730	1.0	sk__Eukaryota;k__Fungi;p__Ascomycota;c__Dothideomycetes;o__;f__;g__;s__Dothideomycetes_sp	
2230	7.0	sk__Eukaryota;k__Fungi;p__Ascomycota;c__Dothideomycetes;o__Capnodiales	
2233	12.0	sk__Eukaryota;k__Fungi;p__Ascomycota;c__Dothideomycetes;o__Capnodiales;f__;g__;s__Capnodiales_sp	
2306	7.0	sk__Eukaryota;k__Fungi;p__Ascomycota;c__Dothideomycetes;o__Capnodiales;f__Cladosporiaceae	
2309	1498.0	sk__Eukaryota;k__Fungi;p__Ascomycota;c__Dothideomycetes;o__Capnodiales;f__Cladosporiaceae;g__Cladosporium	
2401	1.0	sk__Eukaryota;k__Fungi;p__Ascomycota;c__Dothideomycetes;o__Capnodiales;f__Cladosporiaceae;g__Cladosporium;s__Cladosporium_sp	
2443	3.0	sk__Eukaryota;k__Fungi;p__Ascomycota;c__Dothideomycetes;o__Capnodiales;f__Cladosporiaceae;g__Toxicocladosporium	
2459	9.0	sk__Eukaryota;k__Fungi;p__Ascomycota;c__Dothideomycetes;o__Capnodiales;f__Cladosporiaceae;g__Verrucocladosporium	
3192	3.0	sk__Eukaryota;k__Fungi;p__Ascomycota;c__Dothideomycetes;o__Capnodiales;f__Mycosphaerellaceae;g__Ramularia	
3587	1.0	sk__Eukaryota;k__Fungi;p__Ascomycota;c__Dothideomycetes;o__Capnodiales;f__Neodevriesiaceae;g__;s__Neodevriesiaceae_sp	
3693	1.0	sk__Eukaryota;k__Fungi;p__Ascomycota;c__Dothideomycetes;o__Capnodiales;f__Teratosphaeriaceae;g__Devriesia;s__Devriesia_sp	
3863	1.0	sk__Eukaryota;k__Fungi;p__Ascomycota;c__Dothideomycetes;o__Dothideales;f__Aureobasidiaceae;g__Aureobasidium	
4242	4.0	sk__Eukaryota;k__Fungi;p__Ascomycota;c__Dothideomycetes;o__Pleosporales	
5382	1.0	sk__Eukaryota;k__Fungi;p__Ascomycota;c__Dothideomycetes;o__Pleosporales;f__Periconiaceae;g__Periconia	
5689	1.0	sk__Eukaryota;k__Fungi;p__Ascomycota;c__Dothideomycetes;o__Pleosporales;f__Pleosporaceae	
5692	3.0	sk__Eukaryota;k__Fungi;p__Ascomycota;c__Dothideomycetes;o__Pleosporales;f__Pleosporaceae;g__Alternaria	
6004	1.0	sk__Eukaryota;k__Fungi;p__Ascomycota;c__Dothideomycetes;o__Pleosporales;f__Pleosporaceae;g__Cochliobolus	
7029	1.0	sk__Eukaryota;k__Fungi;p__Ascomycota;c__Eurotiomycetes	
7127	1.0	sk__Eukaryota;k__Fungi;p__Ascomycota;c__Eurotiomycetes;o__Chaetothyriales;f__Cyphellophoraceae;g__Cyphellophora	
7142	1.0	sk__Eukaryota;k__Fungi;p__Ascomycota;c__Eurotiomycetes;o__Chaetothyriales;f__Cyphellophoraceae;g__Cyphellophora;s__Cyphellophora_reptans	
7144	1.0	sk__Eukaryota;k__Fungi;p__Ascomycota;c__Eurotiomycetes;o__Chaetothyriales;f__Cyphellophoraceae;g__Cyphellophora;s__Cyphellophora_sp	
7418	4.0	sk__Eukaryota;k__Fungi;p__Ascomycota;c__Eurotiomycetes;o__Eurotiales	
7422	19.0	sk__Eukaryota;k__Fungi;p__Ascomycota;c__Eurotiomycetes;o__Eurotiales;f__Aspergillaceae	
7425	1167.0	sk__Eukaryota;k__Fungi;p__Ascomycota;c__Eurotiomycetes;o__Eurotiales;f__Aspergillaceae;g__Aspergillus	
7506	18.0	sk__Eukaryota;k__Fungi;p__Ascomycota;c__Eurotiomycetes;o__Eurotiales;f__Aspergillaceae;g__Aspergillus;s__Aspergillus_conicus	
7728	5.0	sk__Eukaryota;k__Fungi;p__Ascomycota;c__Eurotiomycetes;o__Eurotiales;f__Aspergillaceae;g__Aspergillus;s__Aspergillus_sp	
7852	534.0	sk__Eukaryota;k__Fungi;p__Ascomycota;c__Eurotiomycetes;o__Eurotiales;f__Aspergillaceae;g__Penicillium	
7903	92.0	sk__Eukaryota;k__Fungi;p__Ascomycota;c__Eurotiomycetes;o__Eurotiales;f__Aspergillaceae;g__Penicillium;s__Penicillium_brevicompactum	
8164	1.0	sk__Eukaryota;k__Fungi;p__Ascomycota;c__Eurotiomycetes;o__Eurotiales;f__Aspergillaceae;g__Penicillium;s__Penicillium_phoeniceum	
8219	4.0	sk__Eukaryota;k__Fungi;p__Ascomycota;c__Eurotiomycetes;o__Eurotiales;f__Aspergillaceae;g__Penicillium;s__Penicillium_sp	
8489	1.0	sk__Eukaryota;k__Fungi;p__Ascomycota;c__Eurotiomycetes;o__Mycocaliciales	
8493	1.0	sk__Eukaryota;k__Fungi;p__Ascomycota;c__Eurotiomycetes;o__Mycocaliciales;f__Mycocaliciaceae	
15322	1.0	sk__Eukaryota;k__Fungi;p__Ascomycota;c__Leotiomycetes;o__Helotiales;f__Sclerotiniaceae	
17172	22.0	sk__Eukaryota;k__Fungi;p__Ascomycota;c__Saccharomycetes	
17176	5.0	sk__Eukaryota;k__Fungi;p__Ascomycota;c__Saccharomycetes;o__;f__;g__;s__Saccharomycetes_sp	
17177	265.0	sk__Eukaryota;k__Fungi;p__Ascomycota;c__Saccharomycetes;o__Saccharomycetales	
17195	1399.0	sk__Eukaryota;k__Fungi;p__Ascomycota;c__Saccharomycetes;o__Saccharomycetales;f__Debaryomycetaceae;g__Debaryomyces	
17307	18.0	sk__Eukaryota;k__Fungi;p__Ascomycota;c__Saccharomycetes;o__Saccharomycetales;f__Dipodascaceae	
17361	6.0	sk__Eukaryota;k__Fungi;p__Ascomycota;c__Saccharomycetes;o__Saccharomycetales;f__Dipodascaceae;g__Yarrowia	
17364	1.0	sk__Eukaryota;k__Fungi;p__Ascomycota;c__Saccharomycetes;o__Saccharomycetales;f__Dipodascaceae;g__Yarrowia;s__Yarrowia_lipolytica	
17394	3.0	sk__Eukaryota;k__Fungi;p__Ascomycota;c__Saccharomycetes;o__Saccharomycetales;f__Metschnikowiaceae;g__Clavispora	
17395	1.0	sk__Eukaryota;k__Fungi;p__Ascomycota;c__Saccharomycetes;o__Saccharomycetales;f__Metschnikowiaceae;g__Clavispora;s__Clavispora_lusitaniae	
17451	60.0	sk__Eukaryota;k__Fungi;p__Ascomycota;c__Saccharomycetes;o__Saccharomycetales;f__Phaffomycetaceae	
17499	90.0	sk__Eukaryota;k__Fungi;p__Ascomycota;c__Saccharomycetes;o__Saccharomycetales;f__Phaffomycetaceae;g__Wickerhamomyces	
17501	28.0	sk__Eukaryota;k__Fungi;p__Ascomycota;c__Saccharomycetes;o__Saccharomycetales;f__Phaffomycetaceae;g__Wickerhamomyces;s__Wickerhamomyces_anomalus	
17525	51.0	sk__Eukaryota;k__Fungi;p__Ascomycota;c__Saccharomycetes;o__Saccharomycetales;f__Pichiaceae	
17530	1174.0	sk__Eukaryota;k__Fungi;p__Ascomycota;c__Saccharomycetes;o__Saccharomycetales;f__Pichiaceae;g__Brettanomyces	
17531	8359.0	sk__Eukaryota;k__Fungi;p__Ascomycota;c__Saccharomycetes;o__Saccharomycetales;f__Pichiaceae;g__Brettanomyces;s__Brettanomyces_sp	
17532	1429.0	sk__Eukaryota;k__Fungi;p__Ascomycota;c__Saccharomycetes;o__Saccharomycetales;f__Pichiaceae;g__Dekkera	
17533	64.0	sk__Eukaryota;k__Fungi;p__Ascomycota;c__Saccharomycetes;o__Saccharomycetales;f__Pichiaceae;g__Dekkera;s__Dekkera_anomala	
17534	42134.0	sk__Eukaryota;k__Fungi;p__Ascomycota;c__Saccharomycetes;o__Saccharomycetales;f__Pichiaceae;g__Dekkera;s__Dekkera_bruxellensis	
17535	5545.0	sk__Eukaryota;k__Fungi;p__Ascomycota;c__Saccharomycetes;o__Saccharomycetales;f__Pichiaceae;g__Dekkera;s__Dekkera_custersiana	
17596	1831.0	sk__Eukaryota;k__Fungi;p__Ascomycota;c__Saccharomycetes;o__Saccharomycetales;f__Pichiaceae;g__Pichia	
17605	3.0	sk__Eukaryota;k__Fungi;p__Ascomycota;c__Saccharomycetes;o__Saccharomycetales;f__Pichiaceae;g__Pichia;s__Pichia_fermentans	
17611	44.0	sk__Eukaryota;k__Fungi;p__Ascomycota;c__Saccharomycetes;o__Saccharomycetales;f__Pichiaceae;g__Pichia;s__Pichia_membranifaciens	
17614	1.0	sk__Eukaryota;k__Fungi;p__Ascomycota;c__Saccharomycetes;o__Saccharomycetales;f__Pichiaceae;g__Pichia;s__Pichia_norvegensis	
17635	297.0	sk__Eukaryota;k__Fungi;p__Ascomycota;c__Saccharomycetes;o__Saccharomycetales;f__Saccharomycetaceae	
17689	1.0	sk__Eukaryota;k__Fungi;p__Ascomycota;c__Saccharomycetes;o__Saccharomycetales;f__Saccharomycetaceae;g__Kazachstania;s__Kazachstania_unispora	
17727	8040.0	sk__Eukaryota;k__Fungi;p__Ascomycota;c__Saccharomycetes;o__Saccharomycetales;f__Saccharomycetaceae;g__Saccharomyces	
17731	1.0	sk__Eukaryota;k__Fungi;p__Ascomycota;c__Saccharomycetes;o__Saccharomycetales;f__Saccharomycetaceae;g__Saccharomyces;s__Saccharomyces_cerevisiae	
17750	1.0	sk__Eukaryota;k__Fungi;p__Ascomycota;c__Saccharomycetes;o__Saccharomycetales;f__Saccharomycetaceae;g__Torulaspora;s__Torulaspora_delbrueckii	
17756	2.0	sk__Eukaryota;k__Fungi;p__Ascomycota;c__Saccharomycetes;o__Saccharomycetales;f__Saccharomycetaceae;g__Torulaspora;s__Torulaspora_sp	
17767	200.0	sk__Eukaryota;k__Fungi;p__Ascomycota;c__Saccharomycetes;o__Saccharomycetales;f__Saccharomycetaceae;g__Zygosaccharomyces	
17768	1750.0	sk__Eukaryota;k__Fungi;p__Ascomycota;c__Saccharomycetes;o__Saccharomycetales;f__Saccharomycetaceae;g__Zygosaccharomyces;s__Zygosaccharomyces_bailii	
17769	63.0	sk__Eukaryota;k__Fungi;p__Ascomycota;c__Saccharomycetes;o__Saccharomycetales;f__Saccharomycetaceae;g__Zygosaccharomyces;s__Zygosaccharomyces_bisporus	
17786	7.0	sk__Eukaryota;k__Fungi;p__Ascomycota;c__Saccharomycetes;o__Saccharomycetales;f__Saccharomycetales_fam_Incertae_sedis	
17796	10.0	sk__Eukaryota;k__Fungi;p__Ascomycota;c__Saccharomycetes;o__Saccharomycetales;f__Saccharomycetales_fam_Incertae_sedis;g__Candida	
17950	32.0	sk__Eukaryota;k__Fungi;p__Ascomycota;c__Saccharomycetes;o__Saccharomycetales;f__Saccharomycetales_fam_Incertae_sedis;g__Candida;s__Candida_magnoliae	
18010	21.0	sk__Eukaryota;k__Fungi;p__Ascomycota;c__Saccharomycetes;o__Saccharomycetales;f__Saccharomycetales_fam_Incertae_sedis;g__Candida;s__Candida_quercitrusa	
18137	8.0	sk__Eukaryota;k__Fungi;p__Ascomycota;c__Saccharomycetes;o__Saccharomycetales;f__Saccharomycetales_fam_Incertae_sedis;g__Starmerella	
18220	2.0	sk__Eukaryota;k__Fungi;p__Ascomycota;c__Saccharomycetes;o__Saccharomycetales;f__Trichomonascaceae	
18226	2.0	sk__Eukaryota;k__Fungi;p__Ascomycota;c__Saccharomycetes;o__Saccharomycetales;f__Trichomonascaceae;g__Blastobotrys;s__Blastobotrys_aristata	
18285	2.0	sk__Eukaryota;k__Fungi;p__Ascomycota;c__Saccharomycetes;o__Saccharomycetales;f__Trichomonascaceae;g__Wickerhamiella;s__Wickerhamiella_sp	
18325	3.0	sk__Eukaryota;k__Fungi;p__Ascomycota;c__Sordariomycetes	
20383	1.0	sk__Eukaryota;k__Fungi;p__Ascomycota;c__Sordariomycetes;o__Hypocreales;f__Cordycipitaceae;g__Lecanicillium	
23750	1.0	sk__Eukaryota;k__Fungi;p__Ascomycota;c__Sordariomycetes;o__Xylariales;f__;g__;s__Xylariales_sp	
25117	4.0	sk__Eukaryota;k__Fungi;p__Basidiomycota	
25123	5.0	sk__Eukaryota;k__Fungi;p__Basidiomycota;c__;o__;f__;g__;s__Basidiomycota_sp	
25133	5.0	sk__Eukaryota;k__Fungi;p__Basidiomycota;c__Agaricomycetes;o__Agaricales	
30032	4.0	sk__Eukaryota;k__Fungi;p__Basidiomycota;c__Agaricomycetes;o__Agaricales;f__Psathyrellaceae;g__Coprinellus	
30190	10.0	sk__Eukaryota;k__Fungi;p__Basidiomycota;c__Agaricomycetes;o__Agaricales;f__Psathyrellaceae;g__Psathyrella	
31628	4.0	sk__Eukaryota;k__Fungi;p__Basidiomycota;c__Agaricomycetes;o__Atheliales;f__Atheliaceae	
33009	1.0	sk__Eukaryota;k__Fungi;p__Basidiomycota;c__Agaricomycetes;o__Corticiales	
33869	5.0	sk__Eukaryota;k__Fungi;p__Basidiomycota;c__Agaricomycetes;o__Hymenochaetales;f__Schizoporaceae;g__Hyphodontia;s__Hyphodontia_microspora	
34942	5.0	sk__Eukaryota;k__Fungi;p__Basidiomycota;c__Agaricomycetes;o__Polyporales;f__Meruliaceae;g__Phlebia;s__Phlebia_sp	
34985	1.0	sk__Eukaryota;k__Fungi;p__Basidiomycota;c__Agaricomycetes;o__Polyporales;f__Meruliaceae;g__Terana;s__Terana_coerulea	
35366	1.0	sk__Eukaryota;k__Fungi;p__Basidiomycota;c__Agaricomycetes;o__Polyporales;f__Steccherinaceae;g__Ceriporiopsis;s__Ceriporiopsis_subvermispora	
35692	2.0	sk__Eukaryota;k__Fungi;p__Basidiomycota;c__Agaricomycetes;o__Russulales;f__Peniophoraceae	
35722	1.0	sk__Eukaryota;k__Fungi;p__Basidiomycota;c__Agaricomycetes;o__Russulales;f__Peniophoraceae;g__Peniophora;s__Peniophora_sp	
36103	1.0	sk__Eukaryota;k__Fungi;p__Basidiomycota;c__Agaricomycetes;o__Russulales;f__Russulaceae;g__Russula	
36467	1.0	sk__Eukaryota;k__Fungi;p__Basidiomycota;c__Agaricomycetes;o__Russulales;f__Stereaceae	
36921	24.0	sk__Eukaryota;k__Fungi;p__Basidiomycota;c__Agaricostilbomycetes;o__Agaricostilbales;f__Agaricostilbaceae	
36925	13.0	sk__Eukaryota;k__Fungi;p__Basidiomycota;c__Agaricostilbomycetes;o__Agaricostilbales;f__Agaricostilbaceae;g__Sterigmatomyces	
36927	1372.0	sk__Eukaryota;k__Fungi;p__Basidiomycota;c__Agaricostilbomycetes;o__Agaricostilbales;f__Agaricostilbaceae;g__Sterigmatomyces;s__Sterigmatomyces_halophilus	
36930	768.0	sk__Eukaryota;k__Fungi;p__Basidiomycota;c__Agaricostilbomycetes;o__Agaricostilbales;f__Agaricostilbaceae;g__Sterigmatomyces;s__Sterigmatomyces_sp	
37507	5.0	sk__Eukaryota;k__Fungi;p__Basidiomycota;c__Malasseziomycetes;o__Malasseziales;f__Malasseziaceae;g__Malassezia	
37758	15.0	sk__Eukaryota;k__Fungi;p__Basidiomycota;c__Microbotryomycetes;o__Sporidiobolales;f__Sporidiobolaceae;g__Rhodotorula	
37774	48.0	sk__Eukaryota;k__Fungi;p__Basidiomycota;c__Microbotryomycetes;o__Sporidiobolales;f__Sporidiobolaceae;g__Rhodotorula;s__Rhodotorula_mucilaginosa	
38549	3.0	sk__Eukaryota;k__Fungi;p__Basidiomycota;c__Tremellomycetes;o__Cystofilobasidiales;f__Mrakiaceae;g__Tausonia	
38644	5.0	sk__Eukaryota;k__Fungi;p__Basidiomycota;c__Tremellomycetes;o__Tremellales	
38747	2.0	sk__Eukaryota;k__Fungi;p__Basidiomycota;c__Tremellomycetes;o__Tremellales;f__Bulleribasidiaceae;g__Vishniacozyma	
38758	1.0	sk__Eukaryota;k__Fungi;p__Basidiomycota;c__Tremellomycetes;o__Tremellales;f__Bulleribasidiaceae;g__Vishniacozyma;s__Vishniacozyma_victoriae	
39048	2.0	sk__Eukaryota;k__Fungi;p__Basidiomycota;c__Tremellomycetes;o__Trichosporonales;f__Trichosporonaceae	
39053	4.0	sk__Eukaryota;k__Fungi;p__Basidiomycota;c__Tremellomycetes;o__Trichosporonales;f__Trichosporonaceae;g__Apiotrichum	
39081	6.0	sk__Eukaryota;k__Fungi;p__Basidiomycota;c__Tremellomycetes;o__Trichosporonales;f__Trichosporonaceae;g__Cutaneotrichosporon	
39103	32.0	sk__Eukaryota;k__Fungi;p__Basidiomycota;c__Tremellomycetes;o__Trichosporonales;f__Trichosporonaceae;g__Trichosporon	
39522	8.0	sk__Eukaryota;k__Fungi;p__Basidiomycota;c__Wallemiomycetes;o__Wallemiales	
39526	19.0	sk__Eukaryota;k__Fungi;p__Basidiomycota;c__Wallemiomycetes;o__Wallemiales;f__Wallemiaceae	
39527	210.0	sk__Eukaryota;k__Fungi;p__Basidiomycota;c__Wallemiomycetes;o__Wallemiales;f__Wallemiaceae;g__Wallemia	
39529	1.0	sk__Eukaryota;k__Fungi;p__Basidiomycota;c__Wallemiomycetes;o__Wallemiales;f__Wallemiaceae;g__Wallemia;s__Wallemia_hederae	
39531	35.0	sk__Eukaryota;k__Fungi;p__Basidiomycota;c__Wallemiomycetes;o__Wallemiales;f__Wallemiaceae;g__Wallemia;s__Wallemia_mellicola	
39532	1344.0	sk__Eukaryota;k__Fungi;p__Basidiomycota;c__Wallemiomycetes;o__Wallemiales;f__Wallemiaceae;g__Wallemia;s__Wallemia_muriae	
39533	10.0	sk__Eukaryota;k__Fungi;p__Basidiomycota;c__Wallemiomycetes;o__Wallemiales;f__Wallemiaceae;g__Wallemia;s__Wallemia_sebi	
39534	9.0	sk__Eukaryota;k__Fungi;p__Basidiomycota;c__Wallemiomycetes;o__Wallemiales;f__Wallemiaceae;g__Wallemia;s__Wallemia_sp	
40728	6.0	sk__Eukaryota;k__Fungi;p__Mucoromycota;c__Mucoromycetes;o__Mucorales;f__Mucoraceae;g__Mucor	
40736	2.0	sk__Eukaryota;k__Fungi;p__Mucoromycota;c__Mucoromycetes;o__Mucorales;f__Mucoraceae;g__Mucor;s__Mucor_circinelloides	
41263	5.0	sk__Eukaryota;k__Metazoa	
118960	7.0	sk__Eukaryota;k__Viridiplantae;p__Anthophyta;c__Eudicotyledonae;o__Rosales;f__Cannabaceae;g__Humulus;s__Humulus_lupulus	
152087	1.0	sk__Eukaryota;k__Viridiplantae;p__Monilophyta;c__Polypodiopsida;o__Polypodiales;f__Pteridaceae;g__Pteris	
152091	5.0	sk__Eukaryota;k__Viridiplantae;p__Monilophyta;c__Polypodiopsida;o__Polypodiales;f__Pteridaceae;g__Pteris;s__Pteris_vittata	
152145	2.0	sk__Eukaryota;k__Viridiplantae;p__Streptophyta	
