# Constructed from biom file
# OTU ID	Unspecified	taxonomy	taxid
1470	27.0	sk__Eukaryota;k__Fungi	
1486	80.0	sk__Eukaryota;k__Fungi;p__Ascomycota	
1726	2.0	sk__Eukaryota;k__Fungi;p__Ascomycota;c__Dothideomycetes	
2306	4.0	sk__Eukaryota;k__Fungi;p__Ascomycota;c__Dothideomycetes;o__Capnodiales;f__Cladosporiaceae	
2308	1.0	sk__Eukaryota;k__Fungi;p__Ascomycota;c__Dothideomycetes;o__Capnodiales;f__Cladosporiaceae;g__;s__Cladosporiaceae_sp	
4242	6.0	sk__Eukaryota;k__Fungi;p__Ascomycota;c__Dothideomycetes;o__Pleosporales	
4533	1.0	sk__Eukaryota;k__Fungi;p__Ascomycota;c__Dothideomycetes;o__Pleosporales;f__Didymellaceae;g__Didymella	
5692	1.0	sk__Eukaryota;k__Fungi;p__Ascomycota;c__Dothideomycetes;o__Pleosporales;f__Pleosporaceae;g__Alternaria	
7039	1.0	sk__Eukaryota;k__Fungi;p__Ascomycota;c__Eurotiomycetes;o__Chaetothyriales;f__;g__;s__Chaetothyriales_sp	
7418	5.0	sk__Eukaryota;k__Fungi;p__Ascomycota;c__Eurotiomycetes;o__Eurotiales	
7422	1.0	sk__Eukaryota;k__Fungi;p__Ascomycota;c__Eurotiomycetes;o__Eurotiales;f__Aspergillaceae	
7425	125.0	sk__Eukaryota;k__Fungi;p__Ascomycota;c__Eurotiomycetes;o__Eurotiales;f__Aspergillaceae;g__Aspergillus	
7548	1.0	sk__Eukaryota;k__Fungi;p__Ascomycota;c__Eurotiomycetes;o__Eurotiales;f__Aspergillaceae;g__Aspergillus;s__Aspergillus_flavus	
7562	10.0	sk__Eukaryota;k__Fungi;p__Ascomycota;c__Eurotiomycetes;o__Eurotiales;f__Aspergillaceae;g__Aspergillus;s__Aspergillus_fumigatus	
7728	5.0	sk__Eukaryota;k__Fungi;p__Ascomycota;c__Eurotiomycetes;o__Eurotiales;f__Aspergillaceae;g__Aspergillus;s__Aspergillus_sp	
8372	1.0	sk__Eukaryota;k__Fungi;p__Ascomycota;c__Eurotiomycetes;o__Eurotiales;f__Trichocomaceae;g__Talaromyces	
14575	1.0	sk__Eukaryota;k__Fungi;p__Ascomycota;c__Leotiomycetes;o__Helotiales;f__Helotiaceae;g__Meliniomyces	
16907	1.0	sk__Eukaryota;k__Fungi;p__Ascomycota;c__Pezizomycetes;o__Pezizales;f__Sarcosomataceae;g__Urnula;s__Urnula_padeniana	
17172	17.0	sk__Eukaryota;k__Fungi;p__Ascomycota;c__Saccharomycetes	
17177	12292.0	sk__Eukaryota;k__Fungi;p__Ascomycota;c__Saccharomycetes;o__Saccharomycetales	
17180	4.0	sk__Eukaryota;k__Fungi;p__Ascomycota;c__Saccharomycetes;o__Saccharomycetales;f__;g__;s__Saccharomycetales_sp	
17190	1.0	sk__Eukaryota;k__Fungi;p__Ascomycota;c__Saccharomycetes;o__Saccharomycetales;f__Debaryomycetaceae	
17192	1.0	sk__Eukaryota;k__Fungi;p__Ascomycota;c__Saccharomycetes;o__Saccharomycetales;f__Debaryomycetaceae;g__;s__Debaryomycetaceae_sp	
17211	4.0	sk__Eukaryota;k__Fungi;p__Ascomycota;c__Saccharomycetes;o__Saccharomycetales;f__Debaryomycetaceae;g__Hyphopichia;s__Hyphopichia_burtonii	
17224	1.0	sk__Eukaryota;k__Fungi;p__Ascomycota;c__Saccharomycetes;o__Saccharomycetales;f__Debaryomycetaceae;g__Meyerozyma	
17289	2.0	sk__Eukaryota;k__Fungi;p__Ascomycota;c__Saccharomycetes;o__Saccharomycetales;f__Debaryomycetaceae;g__Yamadazyma	
17307	4596.0	sk__Eukaryota;k__Fungi;p__Ascomycota;c__Saccharomycetes;o__Saccharomycetales;f__Dipodascaceae	
17309	416.0	sk__Eukaryota;k__Fungi;p__Ascomycota;c__Saccharomycetes;o__Saccharomycetales;f__Dipodascaceae;g__;s__Dipodascaceae_sp	
17310	5.0	sk__Eukaryota;k__Fungi;p__Ascomycota;c__Saccharomycetes;o__Saccharomycetales;f__Dipodascaceae;g__Dipodascus	
17316	6.0	sk__Eukaryota;k__Fungi;p__Ascomycota;c__Saccharomycetes;o__Saccharomycetales;f__Dipodascaceae;g__Dipodascus;s__Dipodascus_geotrichum	
17320	3.0	sk__Eukaryota;k__Fungi;p__Ascomycota;c__Saccharomycetes;o__Saccharomycetales;f__Dipodascaceae;g__Galactomyces	
17322	4.0	sk__Eukaryota;k__Fungi;p__Ascomycota;c__Saccharomycetes;o__Saccharomycetales;f__Dipodascaceae;g__Galactomyces;s__Galactomyces_sp	
17323	2.0	sk__Eukaryota;k__Fungi;p__Ascomycota;c__Saccharomycetes;o__Saccharomycetales;f__Dipodascaceae;g__Geotrichum	
17336	1.0	sk__Eukaryota;k__Fungi;p__Ascomycota;c__Saccharomycetes;o__Saccharomycetales;f__Dipodascaceae;g__Geotrichum;s__Geotrichum_sp	
17389	67.0	sk__Eukaryota;k__Fungi;p__Ascomycota;c__Saccharomycetes;o__Saccharomycetales;f__Metschnikowiaceae	
17391	14.0	sk__Eukaryota;k__Fungi;p__Ascomycota;c__Saccharomycetes;o__Saccharomycetales;f__Metschnikowiaceae;g__;s__Metschnikowiaceae_sp	
17394	1581.0	sk__Eukaryota;k__Fungi;p__Ascomycota;c__Saccharomycetes;o__Saccharomycetales;f__Metschnikowiaceae;g__Clavispora	
17395	357.0	sk__Eukaryota;k__Fungi;p__Ascomycota;c__Saccharomycetes;o__Saccharomycetales;f__Metschnikowiaceae;g__Clavispora;s__Clavispora_lusitaniae	
17398	2.0	sk__Eukaryota;k__Fungi;p__Ascomycota;c__Saccharomycetes;o__Saccharomycetales;f__Metschnikowiaceae;g__Clavispora;s__Clavispora_sp	
17410	1.0	sk__Eukaryota;k__Fungi;p__Ascomycota;c__Saccharomycetes;o__Saccharomycetales;f__Metschnikowiaceae;g__Metschnikowia	
17451	307.0	sk__Eukaryota;k__Fungi;p__Ascomycota;c__Saccharomycetes;o__Saccharomycetales;f__Phaffomycetaceae	
17462	94.0	sk__Eukaryota;k__Fungi;p__Ascomycota;c__Saccharomycetes;o__Saccharomycetales;f__Phaffomycetaceae;g__Cyberlindnera	
17468	1.0	sk__Eukaryota;k__Fungi;p__Ascomycota;c__Saccharomycetes;o__Saccharomycetales;f__Phaffomycetaceae;g__Cyberlindnera;s__Cyberlindnera_fabianii	
17470	21.0	sk__Eukaryota;k__Fungi;p__Ascomycota;c__Saccharomycetes;o__Saccharomycetales;f__Phaffomycetaceae;g__Cyberlindnera;s__Cyberlindnera_jadinii	
17499	468.0	sk__Eukaryota;k__Fungi;p__Ascomycota;c__Saccharomycetes;o__Saccharomycetales;f__Phaffomycetaceae;g__Wickerhamomyces	
17501	464.0	sk__Eukaryota;k__Fungi;p__Ascomycota;c__Saccharomycetes;o__Saccharomycetales;f__Phaffomycetaceae;g__Wickerhamomyces;s__Wickerhamomyces_anomalus	
17514	1.0	sk__Eukaryota;k__Fungi;p__Ascomycota;c__Saccharomycetes;o__Saccharomycetales;f__Phaffomycetaceae;g__Wickerhamomyces;s__Wickerhamomyces_pijperi	
17525	20.0	sk__Eukaryota;k__Fungi;p__Ascomycota;c__Saccharomycetes;o__Saccharomycetales;f__Pichiaceae	
17534	53.0	sk__Eukaryota;k__Fungi;p__Ascomycota;c__Saccharomycetes;o__Saccharomycetales;f__Pichiaceae;g__Dekkera;s__Dekkera_bruxellensis	
17596	116.0	sk__Eukaryota;k__Fungi;p__Ascomycota;c__Saccharomycetes;o__Saccharomycetales;f__Pichiaceae;g__Pichia	
17605	3.0	sk__Eukaryota;k__Fungi;p__Ascomycota;c__Saccharomycetes;o__Saccharomycetales;f__Pichiaceae;g__Pichia;s__Pichia_fermentans	
17610	18.0	sk__Eukaryota;k__Fungi;p__Ascomycota;c__Saccharomycetes;o__Saccharomycetales;f__Pichiaceae;g__Pichia;s__Pichia_mandshurica	
17619	2285.0	sk__Eukaryota;k__Fungi;p__Ascomycota;c__Saccharomycetes;o__Saccharomycetales;f__Pichiaceae;g__Pichia;s__Pichia_sp	
17635	129.0	sk__Eukaryota;k__Fungi;p__Ascomycota;c__Saccharomycetes;o__Saccharomycetales;f__Saccharomycetaceae	
17651	190.0	sk__Eukaryota;k__Fungi;p__Ascomycota;c__Saccharomycetes;o__Saccharomycetales;f__Saccharomycetaceae;g__Issatchenkia	
17653	781.0	sk__Eukaryota;k__Fungi;p__Ascomycota;c__Saccharomycetes;o__Saccharomycetales;f__Saccharomycetaceae;g__Issatchenkia;s__Issatchenkia_orientalis	
17655	3.0	sk__Eukaryota;k__Fungi;p__Ascomycota;c__Saccharomycetes;o__Saccharomycetales;f__Saccharomycetaceae;g__Kazachstania	
17694	1550.0	sk__Eukaryota;k__Fungi;p__Ascomycota;c__Saccharomycetes;o__Saccharomycetales;f__Saccharomycetaceae;g__Kluyveromyces	
17699	18.0	sk__Eukaryota;k__Fungi;p__Ascomycota;c__Saccharomycetes;o__Saccharomycetales;f__Saccharomycetaceae;g__Kluyveromyces;s__Kluyveromyces_marxianus	
17702	7.0	sk__Eukaryota;k__Fungi;p__Ascomycota;c__Saccharomycetes;o__Saccharomycetales;f__Saccharomycetaceae;g__Kluyveromyces;s__Kluyveromyces_sp	
17727	504.0	sk__Eukaryota;k__Fungi;p__Ascomycota;c__Saccharomycetes;o__Saccharomycetales;f__Saccharomycetaceae;g__Saccharomyces	
17731	6163.0	sk__Eukaryota;k__Fungi;p__Ascomycota;c__Saccharomycetes;o__Saccharomycetales;f__Saccharomycetaceae;g__Saccharomyces;s__Saccharomyces_cerevisiae	
17737	92.0	sk__Eukaryota;k__Fungi;p__Ascomycota;c__Saccharomycetes;o__Saccharomycetales;f__Saccharomycetaceae;g__Saccharomyces;s__Saccharomyces_sp	
17786	6.0	sk__Eukaryota;k__Fungi;p__Ascomycota;c__Saccharomycetes;o__Saccharomycetales;f__Saccharomycetales_fam_Incertae_sedis	
17796	30.0	sk__Eukaryota;k__Fungi;p__Ascomycota;c__Saccharomycetes;o__Saccharomycetales;f__Saccharomycetales_fam_Incertae_sedis;g__Candida	
17882	1.0	sk__Eukaryota;k__Fungi;p__Ascomycota;c__Saccharomycetes;o__Saccharomycetales;f__Saccharomycetales_fam_Incertae_sedis;g__Candida;s__Candida_ethanolica	
17903	1.0	sk__Eukaryota;k__Fungi;p__Ascomycota;c__Saccharomycetes;o__Saccharomycetales;f__Saccharomycetales_fam_Incertae_sedis;g__Candida;s__Candida_glabrata	
17938	2.0	sk__Eukaryota;k__Fungi;p__Ascomycota;c__Saccharomycetes;o__Saccharomycetales;f__Saccharomycetales_fam_Incertae_sedis;g__Candida;s__Candida_kruisii	
18077	59.0	sk__Eukaryota;k__Fungi;p__Ascomycota;c__Saccharomycetes;o__Saccharomycetales;f__Saccharomycetales_fam_Incertae_sedis;g__Candida;s__Candida_tropicalis	
18176	14.0	sk__Eukaryota;k__Fungi;p__Ascomycota;c__Saccharomycetes;o__Saccharomycetales;f__Saccharomycodaceae	
18179	3952.0	sk__Eukaryota;k__Fungi;p__Ascomycota;c__Saccharomycetes;o__Saccharomycetales;f__Saccharomycodaceae;g__Hanseniaspora	
18181	17.0	sk__Eukaryota;k__Fungi;p__Ascomycota;c__Saccharomycetes;o__Saccharomycetales;f__Saccharomycodaceae;g__Hanseniaspora;s__Hanseniaspora_guilliermondii	
18183	1.0	sk__Eukaryota;k__Fungi;p__Ascomycota;c__Saccharomycetes;o__Saccharomycetales;f__Saccharomycodaceae;g__Hanseniaspora;s__Hanseniaspora_meyeri	
18185	5.0	sk__Eukaryota;k__Fungi;p__Ascomycota;c__Saccharomycetes;o__Saccharomycetales;f__Saccharomycodaceae;g__Hanseniaspora;s__Hanseniaspora_opuntiae	
18189	2.0	sk__Eukaryota;k__Fungi;p__Ascomycota;c__Saccharomycetes;o__Saccharomycetales;f__Saccharomycodaceae;g__Hanseniaspora;s__Hanseniaspora_sp	
18286	1.0	sk__Eukaryota;k__Fungi;p__Ascomycota;c__Saccharomycetes;o__Saccharomycetales;f__Trichomonascaceae;g__Zygoascus	
18288	1.0	sk__Eukaryota;k__Fungi;p__Ascomycota;c__Saccharomycetes;o__Saccharomycetales;f__Trichomonascaceae;g__Zygoascus;s__Zygoascus_hellenicus	
18325	6.0	sk__Eukaryota;k__Fungi;p__Ascomycota;c__Sordariomycetes	
18598	5.0	sk__Eukaryota;k__Fungi;p__Ascomycota;c__Sordariomycetes;o__Coniochaetales	
18602	2.0	sk__Eukaryota;k__Fungi;p__Ascomycota;c__Sordariomycetes;o__Coniochaetales;f__Coniochaetaceae	
18631	28.0	sk__Eukaryota;k__Fungi;p__Ascomycota;c__Sordariomycetes;o__Coniochaetales;f__Coniochaetaceae;g__Coniochaeta;s__Coniochaeta_sp	
19961	3.0	sk__Eukaryota;k__Fungi;p__Ascomycota;c__Sordariomycetes;o__Hypocreales	
20964	3.0	sk__Eukaryota;k__Fungi;p__Ascomycota;c__Sordariomycetes;o__Hypocreales;f__Nectriaceae	
21206	28.0	sk__Eukaryota;k__Fungi;p__Ascomycota;c__Sordariomycetes;o__Hypocreales;f__Nectriaceae;g__Fusarium	
21255	1.0	sk__Eukaryota;k__Fungi;p__Ascomycota;c__Sordariomycetes;o__Hypocreales;f__Nectriaceae;g__Fusarium;s__Fusarium_fujikuroi	
21286	1.0	sk__Eukaryota;k__Fungi;p__Ascomycota;c__Sordariomycetes;o__Hypocreales;f__Nectriaceae;g__Fusarium;s__Fusarium_oxysporum	
21334	40.0	sk__Eukaryota;k__Fungi;p__Ascomycota;c__Sordariomycetes;o__Hypocreales;f__Nectriaceae;g__Gibberella	
21470	1.0	sk__Eukaryota;k__Fungi;p__Ascomycota;c__Sordariomycetes;o__Hypocreales;f__Nectriaceae;g__Nectria;s__Nectria_sp	
22113	1.0	sk__Eukaryota;k__Fungi;p__Ascomycota;c__Sordariomycetes;o__Magnaporthales;f__Magnaporthaceae;g__Magnaporthe	
23045	3.0	sk__Eukaryota;k__Fungi;p__Ascomycota;c__Sordariomycetes;o__Sordariales	
25117	3.0	sk__Eukaryota;k__Fungi;p__Basidiomycota	
33995	1.0	sk__Eukaryota;k__Fungi;p__Basidiomycota;c__Agaricomycetes;o__Jaapiales;f__Jaapiaceae;g__Jaapia;s__Jaapia_ochroleuca	
37740	1.0	sk__Eukaryota;k__Fungi;p__Basidiomycota;c__Microbotryomycetes;o__Sporidiobolales	
37758	9.0	sk__Eukaryota;k__Fungi;p__Basidiomycota;c__Microbotryomycetes;o__Sporidiobolales;f__Sporidiobolaceae;g__Rhodotorula	
37780	1.0	sk__Eukaryota;k__Fungi;p__Basidiomycota;c__Microbotryomycetes;o__Sporidiobolales;f__Sporidiobolaceae;g__Rhodotorula;s__Rhodotorula_sp	
38499	28.0	sk__Eukaryota;k__Fungi;p__Basidiomycota;c__Tremellomycetes	
38564	1.0	sk__Eukaryota;k__Fungi;p__Basidiomycota;c__Tremellomycetes;o__Filobasidiales	
38594	7.0	sk__Eukaryota;k__Fungi;p__Basidiomycota;c__Tremellomycetes;o__Filobasidiales;f__Filobasidiaceae;g__Naganishia	
38644	6.0	sk__Eukaryota;k__Fungi;p__Basidiomycota;c__Tremellomycetes;o__Tremellales	
38857	2.0	sk__Eukaryota;k__Fungi;p__Basidiomycota;c__Tremellomycetes;o__Tremellales;f__Rhynchogastremataceae;g__Papiliotrema	
38877	1.0	sk__Eukaryota;k__Fungi;p__Basidiomycota;c__Tremellomycetes;o__Tremellales;f__Rhynchogastremataceae;g__Rhynchogastrema	
38907	1.0	sk__Eukaryota;k__Fungi;p__Basidiomycota;c__Tremellomycetes;o__Tremellales;f__Tremellaceae	
39031	2.0	sk__Eukaryota;k__Fungi;p__Basidiomycota;c__Tremellomycetes;o__Trichosporonales	
39048	5.0	sk__Eukaryota;k__Fungi;p__Basidiomycota;c__Tremellomycetes;o__Trichosporonales;f__Trichosporonaceae	
39053	256.0	sk__Eukaryota;k__Fungi;p__Basidiomycota;c__Tremellomycetes;o__Trichosporonales;f__Trichosporonaceae;g__Apiotrichum	
39081	3.0	sk__Eukaryota;k__Fungi;p__Basidiomycota;c__Tremellomycetes;o__Trichosporonales;f__Trichosporonaceae;g__Cutaneotrichosporon	
39103	164.0	sk__Eukaryota;k__Fungi;p__Basidiomycota;c__Tremellomycetes;o__Trichosporonales;f__Trichosporonaceae;g__Trichosporon	
39106	1.0	sk__Eukaryota;k__Fungi;p__Basidiomycota;c__Tremellomycetes;o__Trichosporonales;f__Trichosporonaceae;g__Trichosporon;s__Trichosporon_asahii	
39526	1.0	sk__Eukaryota;k__Fungi;p__Basidiomycota;c__Wallemiomycetes;o__Wallemiales;f__Wallemiaceae	
40692	1.0	sk__Eukaryota;k__Fungi;p__Mucoromycota;c__Mucoromycetes;o__Mucorales;f__Mucoraceae	
40728	51.0	sk__Eukaryota;k__Fungi;p__Mucoromycota;c__Mucoromycetes;o__Mucorales;f__Mucoraceae;g__Mucor	
40736	2.0	sk__Eukaryota;k__Fungi;p__Mucoromycota;c__Mucoromycetes;o__Mucorales;f__Mucoraceae;g__Mucor;s__Mucor_circinelloides	
40832	186.0	sk__Eukaryota;k__Fungi;p__Mucoromycota;c__Mucoromycetes;o__Mucorales;f__Rhizopodaceae;g__Rhizopus	
40834	3.0	sk__Eukaryota;k__Fungi;p__Mucoromycota;c__Mucoromycetes;o__Mucorales;f__Rhizopodaceae;g__Rhizopus;s__Rhizopus_arrhizus	
40844	3.0	sk__Eukaryota;k__Fungi;p__Mucoromycota;c__Mucoromycetes;o__Mucorales;f__Rhizopodaceae;g__Rhizopus;s__Rhizopus_sp	
41232	4.0	sk__Eukaryota;k__Ichthyosporia	
