# Constructed from biom file
# OTU ID	Unspecified	taxonomy	taxid
1470	13.0	sk__Eukaryota;k__Fungi	
1486	755.0	sk__Eukaryota;k__Fungi;p__Ascomycota	
1501	2.0	sk__Eukaryota;k__Fungi;p__Ascomycota;c__Archaeorhizomycetes;o__Archaeorhizomycetales;f__Archaeorhizomycetaceae	
1504	1.0	sk__Eukaryota;k__Fungi;p__Ascomycota;c__Archaeorhizomycetes;o__Archaeorhizomycetales;f__Archaeorhizomycetaceae;g__Archaeorhizomyces	
1726	106.0	sk__Eukaryota;k__Fungi;p__Ascomycota;c__Dothideomycetes	
2306	7.0	sk__Eukaryota;k__Fungi;p__Ascomycota;c__Dothideomycetes;o__Capnodiales;f__Cladosporiaceae	
2308	1.0	sk__Eukaryota;k__Fungi;p__Ascomycota;c__Dothideomycetes;o__Capnodiales;f__Cladosporiaceae;g__;s__Cladosporiaceae_sp	
4242	17.0	sk__Eukaryota;k__Fungi;p__Ascomycota;c__Dothideomycetes;o__Pleosporales	
4469	3.0	sk__Eukaryota;k__Fungi;p__Ascomycota;c__Dothideomycetes;o__Pleosporales;f__Didymellaceae	
4588	2.0	sk__Eukaryota;k__Fungi;p__Ascomycota;c__Dothideomycetes;o__Pleosporales;f__Didymellaceae;g__Epicoccum	
5692	3.0	sk__Eukaryota;k__Fungi;p__Ascomycota;c__Dothideomycetes;o__Pleosporales;f__Pleosporaceae;g__Alternaria	
6026	1.0	sk__Eukaryota;k__Fungi;p__Ascomycota;c__Dothideomycetes;o__Pleosporales;f__Pleosporaceae;g__Curvularia	
6040	1.0	sk__Eukaryota;k__Fungi;p__Ascomycota;c__Dothideomycetes;o__Pleosporales;f__Pleosporaceae;g__Curvularia;s__Curvularia_brachyspora	
7425	1.0	sk__Eukaryota;k__Fungi;p__Ascomycota;c__Eurotiomycetes;o__Eurotiales;f__Aspergillaceae;g__Aspergillus	
17172	2.0	sk__Eukaryota;k__Fungi;p__Ascomycota;c__Saccharomycetes	
17177	1484.0	sk__Eukaryota;k__Fungi;p__Ascomycota;c__Saccharomycetes;o__Saccharomycetales	
17180	945.0	sk__Eukaryota;k__Fungi;p__Ascomycota;c__Saccharomycetes;o__Saccharomycetales;f__;g__;s__Saccharomycetales_sp	
17190	3.0	sk__Eukaryota;k__Fungi;p__Ascomycota;c__Saccharomycetes;o__Saccharomycetales;f__Debaryomycetaceae	
17211	7.0	sk__Eukaryota;k__Fungi;p__Ascomycota;c__Saccharomycetes;o__Saccharomycetales;f__Debaryomycetaceae;g__Hyphopichia;s__Hyphopichia_burtonii	
17224	1.0	sk__Eukaryota;k__Fungi;p__Ascomycota;c__Saccharomycetes;o__Saccharomycetales;f__Debaryomycetaceae;g__Meyerozyma	
17241	1.0	sk__Eukaryota;k__Fungi;p__Ascomycota;c__Saccharomycetes;o__Saccharomycetales;f__Debaryomycetaceae;g__Priceomyces	
17244	1.0	sk__Eukaryota;k__Fungi;p__Ascomycota;c__Saccharomycetes;o__Saccharomycetales;f__Debaryomycetaceae;g__Priceomyces;s__Priceomyces_fermenticarens	
17278	1.0	sk__Eukaryota;k__Fungi;p__Ascomycota;c__Saccharomycetes;o__Saccharomycetales;f__Debaryomycetaceae;g__Spathaspora	
17289	1.0	sk__Eukaryota;k__Fungi;p__Ascomycota;c__Saccharomycetes;o__Saccharomycetales;f__Debaryomycetaceae;g__Yamadazyma	
17307	4140.0	sk__Eukaryota;k__Fungi;p__Ascomycota;c__Saccharomycetes;o__Saccharomycetales;f__Dipodascaceae	
17309	262.0	sk__Eukaryota;k__Fungi;p__Ascomycota;c__Saccharomycetes;o__Saccharomycetales;f__Dipodascaceae;g__;s__Dipodascaceae_sp	
17314	1.0	sk__Eukaryota;k__Fungi;p__Ascomycota;c__Saccharomycetes;o__Saccharomycetales;f__Dipodascaceae;g__Dipodascus;s__Dipodascus_australiensis	
17316	3.0	sk__Eukaryota;k__Fungi;p__Ascomycota;c__Saccharomycetes;o__Saccharomycetales;f__Dipodascaceae;g__Dipodascus;s__Dipodascus_geotrichum	
17320	4.0	sk__Eukaryota;k__Fungi;p__Ascomycota;c__Saccharomycetes;o__Saccharomycetales;f__Dipodascaceae;g__Galactomyces	
17321	47.0	sk__Eukaryota;k__Fungi;p__Ascomycota;c__Saccharomycetes;o__Saccharomycetales;f__Dipodascaceae;g__Galactomyces;s__Galactomyces_reessii	
17322	35.0	sk__Eukaryota;k__Fungi;p__Ascomycota;c__Saccharomycetes;o__Saccharomycetales;f__Dipodascaceae;g__Galactomyces;s__Galactomyces_sp	
17323	11.0	sk__Eukaryota;k__Fungi;p__Ascomycota;c__Saccharomycetes;o__Saccharomycetales;f__Dipodascaceae;g__Geotrichum	
17336	9.0	sk__Eukaryota;k__Fungi;p__Ascomycota;c__Saccharomycetes;o__Saccharomycetales;f__Dipodascaceae;g__Geotrichum;s__Geotrichum_sp	
17389	10.0	sk__Eukaryota;k__Fungi;p__Ascomycota;c__Saccharomycetes;o__Saccharomycetales;f__Metschnikowiaceae	
17391	3.0	sk__Eukaryota;k__Fungi;p__Ascomycota;c__Saccharomycetes;o__Saccharomycetales;f__Metschnikowiaceae;g__;s__Metschnikowiaceae_sp	
17394	72.0	sk__Eukaryota;k__Fungi;p__Ascomycota;c__Saccharomycetes;o__Saccharomycetales;f__Metschnikowiaceae;g__Clavispora	
17395	38.0	sk__Eukaryota;k__Fungi;p__Ascomycota;c__Saccharomycetes;o__Saccharomycetales;f__Metschnikowiaceae;g__Clavispora;s__Clavispora_lusitaniae	
17410	1.0	sk__Eukaryota;k__Fungi;p__Ascomycota;c__Saccharomycetes;o__Saccharomycetales;f__Metschnikowiaceae;g__Metschnikowia	
17451	3082.0	sk__Eukaryota;k__Fungi;p__Ascomycota;c__Saccharomycetes;o__Saccharomycetales;f__Phaffomycetaceae	
17462	645.0	sk__Eukaryota;k__Fungi;p__Ascomycota;c__Saccharomycetes;o__Saccharomycetales;f__Phaffomycetaceae;g__Cyberlindnera	
17468	18.0	sk__Eukaryota;k__Fungi;p__Ascomycota;c__Saccharomycetes;o__Saccharomycetales;f__Phaffomycetaceae;g__Cyberlindnera;s__Cyberlindnera_fabianii	
17470	4.0	sk__Eukaryota;k__Fungi;p__Ascomycota;c__Saccharomycetes;o__Saccharomycetales;f__Phaffomycetaceae;g__Cyberlindnera;s__Cyberlindnera_jadinii	
17499	606.0	sk__Eukaryota;k__Fungi;p__Ascomycota;c__Saccharomycetes;o__Saccharomycetales;f__Phaffomycetaceae;g__Wickerhamomyces	
17501	509.0	sk__Eukaryota;k__Fungi;p__Ascomycota;c__Saccharomycetes;o__Saccharomycetales;f__Phaffomycetaceae;g__Wickerhamomyces;s__Wickerhamomyces_anomalus	
17534	12.0	sk__Eukaryota;k__Fungi;p__Ascomycota;c__Saccharomycetes;o__Saccharomycetales;f__Pichiaceae;g__Dekkera;s__Dekkera_bruxellensis	
17560	2.0	sk__Eukaryota;k__Fungi;p__Ascomycota;c__Saccharomycetes;o__Saccharomycetales;f__Pichiaceae;g__Ogataea;s__Ogataea_angusta	
17596	5.0	sk__Eukaryota;k__Fungi;p__Ascomycota;c__Saccharomycetes;o__Saccharomycetales;f__Pichiaceae;g__Pichia	
17619	6.0	sk__Eukaryota;k__Fungi;p__Ascomycota;c__Saccharomycetes;o__Saccharomycetales;f__Pichiaceae;g__Pichia;s__Pichia_sp	
17635	15.0	sk__Eukaryota;k__Fungi;p__Ascomycota;c__Saccharomycetes;o__Saccharomycetales;f__Saccharomycetaceae	
17651	1.0	sk__Eukaryota;k__Fungi;p__Ascomycota;c__Saccharomycetes;o__Saccharomycetales;f__Saccharomycetaceae;g__Issatchenkia	
17653	7.0	sk__Eukaryota;k__Fungi;p__Ascomycota;c__Saccharomycetes;o__Saccharomycetales;f__Saccharomycetaceae;g__Issatchenkia;s__Issatchenkia_orientalis	
17694	114.0	sk__Eukaryota;k__Fungi;p__Ascomycota;c__Saccharomycetes;o__Saccharomycetales;f__Saccharomycetaceae;g__Kluyveromyces	
17707	1.0	sk__Eukaryota;k__Fungi;p__Ascomycota;c__Saccharomycetes;o__Saccharomycetales;f__Saccharomycetaceae;g__Lachancea;s__Lachancea_fermentati	
17727	32.0	sk__Eukaryota;k__Fungi;p__Ascomycota;c__Saccharomycetes;o__Saccharomycetales;f__Saccharomycetaceae;g__Saccharomyces	
17731	480.0	sk__Eukaryota;k__Fungi;p__Ascomycota;c__Saccharomycetes;o__Saccharomycetales;f__Saccharomycetaceae;g__Saccharomyces;s__Saccharomyces_cerevisiae	
17737	9.0	sk__Eukaryota;k__Fungi;p__Ascomycota;c__Saccharomycetes;o__Saccharomycetales;f__Saccharomycetaceae;g__Saccharomyces;s__Saccharomyces_sp	
17786	6.0	sk__Eukaryota;k__Fungi;p__Ascomycota;c__Saccharomycetes;o__Saccharomycetales;f__Saccharomycetales_fam_Incertae_sedis	
17796	1015.0	sk__Eukaryota;k__Fungi;p__Ascomycota;c__Saccharomycetes;o__Saccharomycetales;f__Saccharomycetales_fam_Incertae_sedis;g__Candida	
18045	20.0	sk__Eukaryota;k__Fungi;p__Ascomycota;c__Saccharomycetes;o__Saccharomycetales;f__Saccharomycetales_fam_Incertae_sedis;g__Candida;s__Candida_sp	
18077	5985.0	sk__Eukaryota;k__Fungi;p__Ascomycota;c__Saccharomycetes;o__Saccharomycetales;f__Saccharomycetales_fam_Incertae_sedis;g__Candida;s__Candida_tropicalis	
18153	1.0	sk__Eukaryota;k__Fungi;p__Ascomycota;c__Saccharomycetes;o__Saccharomycetales;f__Saccharomycetales_fam_Incertae_sedis;g__Suhomyces;s__Suhomyces_kilbournensis	
18179	12.0	sk__Eukaryota;k__Fungi;p__Ascomycota;c__Saccharomycetes;o__Saccharomycetales;f__Saccharomycodaceae;g__Hanseniaspora	
19910	1.0	sk__Eukaryota;k__Fungi;p__Ascomycota;c__Sordariomycetes;o__Glomerellales;f__Plectosphaerellaceae;g__Verticillium	
19965	2.0	sk__Eukaryota;k__Fungi;p__Ascomycota;c__Sordariomycetes;o__Hypocreales;f__Bionectriaceae	
20964	1.0	sk__Eukaryota;k__Fungi;p__Ascomycota;c__Sordariomycetes;o__Hypocreales;f__Nectriaceae	
21206	5.0	sk__Eukaryota;k__Fungi;p__Ascomycota;c__Sordariomycetes;o__Hypocreales;f__Nectriaceae;g__Fusarium	
21334	3.0	sk__Eukaryota;k__Fungi;p__Ascomycota;c__Sordariomycetes;o__Hypocreales;f__Nectriaceae;g__Gibberella	
21967	1.0	sk__Eukaryota;k__Fungi;p__Ascomycota;c__Sordariomycetes;o__Hypocreales;f__Stachybotryaceae;g__Stachybotrys	
25117	2.0	sk__Eukaryota;k__Fungi;p__Basidiomycota	
25126	1.0	sk__Eukaryota;k__Fungi;p__Basidiomycota;c__Agaricomycetes	
36642	1.0	sk__Eukaryota;k__Fungi;p__Basidiomycota;c__Agaricomycetes;o__Thelephorales	
37017	1.0	sk__Eukaryota;k__Fungi;p__Basidiomycota;c__Cystobasidiomycetes	
37524	1.0	sk__Eukaryota;k__Fungi;p__Basidiomycota;c__Microbotryomycetes	
37740	1.0	sk__Eukaryota;k__Fungi;p__Basidiomycota;c__Microbotryomycetes;o__Sporidiobolales	
37747	8.0	sk__Eukaryota;k__Fungi;p__Basidiomycota;c__Microbotryomycetes;o__Sporidiobolales;f__Sporidiobolaceae;g__Rhodosporidiobolus	
37758	3.0	sk__Eukaryota;k__Fungi;p__Basidiomycota;c__Microbotryomycetes;o__Sporidiobolales;f__Sporidiobolaceae;g__Rhodotorula	
38094	1.0	sk__Eukaryota;k__Fungi;p__Basidiomycota;c__Pucciniomycetes;o__Pucciniales;f__Pucciniaceae;g__Puccinia;s__Puccinia_boroniae	
38499	11.0	sk__Eukaryota;k__Fungi;p__Basidiomycota;c__Tremellomycetes	
38564	2.0	sk__Eukaryota;k__Fungi;p__Basidiomycota;c__Tremellomycetes;o__Filobasidiales	
38594	5.0	sk__Eukaryota;k__Fungi;p__Basidiomycota;c__Tremellomycetes;o__Filobasidiales;f__Filobasidiaceae;g__Naganishia	
38644	14.0	sk__Eukaryota;k__Fungi;p__Basidiomycota;c__Tremellomycetes;o__Tremellales	
38736	1.0	sk__Eukaryota;k__Fungi;p__Basidiomycota;c__Tremellomycetes;o__Tremellales;f__Bulleribasidiaceae;g__Hannaella;s__Hannaella_luteola	
38857	7.0	sk__Eukaryota;k__Fungi;p__Basidiomycota;c__Tremellomycetes;o__Tremellales;f__Rhynchogastremataceae;g__Papiliotrema	
39048	5.0	sk__Eukaryota;k__Fungi;p__Basidiomycota;c__Tremellomycetes;o__Trichosporonales;f__Trichosporonaceae	
39053	434.0	sk__Eukaryota;k__Fungi;p__Basidiomycota;c__Tremellomycetes;o__Trichosporonales;f__Trichosporonaceae;g__Apiotrichum	
39081	2.0	sk__Eukaryota;k__Fungi;p__Basidiomycota;c__Tremellomycetes;o__Trichosporonales;f__Trichosporonaceae;g__Cutaneotrichosporon	
39103	219.0	sk__Eukaryota;k__Fungi;p__Basidiomycota;c__Tremellomycetes;o__Trichosporonales;f__Trichosporonaceae;g__Trichosporon	
39599	1.0	sk__Eukaryota;k__Fungi;p__Chytridiomycota;c__;o__;f__;g__;s__Chytridiomycota_sp	
40493	1.0	sk__Eukaryota;k__Fungi;p__Mortierellomycota;c__Mortierellomycetes;o__Mortierellales;f__Mortierellaceae;g__Mortierella;s__Mortierella_sp	
40671	1.0	sk__Eukaryota;k__Fungi;p__Mucoromycota;c__Mucoromycetes;o__Mucorales;f__Lichtheimiaceae;g__Lichtheimia;s__Lichtheimia_ramosa	
40676	2.0	sk__Eukaryota;k__Fungi;p__Mucoromycota;c__Mucoromycetes;o__Mucorales;f__Lichtheimiaceae;g__Rhizomucor	
40678	1.0	sk__Eukaryota;k__Fungi;p__Mucoromycota;c__Mucoromycetes;o__Mucorales;f__Lichtheimiaceae;g__Rhizomucor;s__Rhizomucor_pusillus	
40692	1.0	sk__Eukaryota;k__Fungi;p__Mucoromycota;c__Mucoromycetes;o__Mucorales;f__Mucoraceae	
40728	86.0	sk__Eukaryota;k__Fungi;p__Mucoromycota;c__Mucoromycetes;o__Mucorales;f__Mucoraceae;g__Mucor	
40832	891.0	sk__Eukaryota;k__Fungi;p__Mucoromycota;c__Mucoromycetes;o__Mucorales;f__Rhizopodaceae;g__Rhizopus	
40834	18.0	sk__Eukaryota;k__Fungi;p__Mucoromycota;c__Mucoromycetes;o__Mucorales;f__Rhizopodaceae;g__Rhizopus;s__Rhizopus_arrhizus	
40844	3.0	sk__Eukaryota;k__Fungi;p__Mucoromycota;c__Mucoromycetes;o__Mucorales;f__Rhizopodaceae;g__Rhizopus;s__Rhizopus_sp	
