# Constructed from biom file
# OTU ID	Unspecified	taxonomy	taxid
1470	8.0	sk__Eukaryota;k__Fungi	
13856	1.0	sk__Eukaryota;k__Fungi;p__Ascomycota;c__Leotiomycetes;o__Erysiphales;f__Erysiphaceae;g__Erysiphe;s__Erysiphe_kusanoi	
17177	1.0	sk__Eukaryota;k__Fungi;p__Ascomycota;c__Saccharomycetes;o__Saccharomycetales	
17307	3.0	sk__Eukaryota;k__Fungi;p__Ascomycota;c__Saccharomycetes;o__Saccharomycetales;f__Dipodascaceae	
20728	2.0	sk__Eukaryota;k__Fungi;p__Ascomycota;c__Sordariomycetes;o__Hypocreales;f__Hypocreaceae;g__Trichoderma;s__Trichoderma_sp	
23045	1.0	sk__Eukaryota;k__Fungi;p__Ascomycota;c__Sordariomycetes;o__Sordariales	
41263	4.0	sk__Eukaryota;k__Metazoa	
60214	4.0	sk__Eukaryota;k__Rhodoplantae	
