# Constructed from biom file
# OTU ID	Unspecified	taxonomy	taxid
1470	33.0	sk__Eukaryota;k__Fungi	
1486	97.0	sk__Eukaryota;k__Fungi;p__Ascomycota	
1500	7.0	sk__Eukaryota;k__Fungi;p__Ascomycota;c__Archaeorhizomycetes;o__Archaeorhizomycetales	
1501	6.0	sk__Eukaryota;k__Fungi;p__Ascomycota;c__Archaeorhizomycetes;o__Archaeorhizomycetales;f__Archaeorhizomycetaceae	
1504	1.0	sk__Eukaryota;k__Fungi;p__Ascomycota;c__Archaeorhizomycetes;o__Archaeorhizomycetales;f__Archaeorhizomycetaceae;g__Archaeorhizomyces	
1507	1.0	sk__Eukaryota;k__Fungi;p__Ascomycota;c__Archaeorhizomycetes;o__Archaeorhizomycetales;f__Archaeorhizomycetaceae;g__Archaeorhizomyces;s__Archaeorhizomyces_sp	
1726	2.0	sk__Eukaryota;k__Fungi;p__Ascomycota;c__Dothideomycetes	
2306	5.0	sk__Eukaryota;k__Fungi;p__Ascomycota;c__Dothideomycetes;o__Capnodiales;f__Cladosporiaceae	
2308	1.0	sk__Eukaryota;k__Fungi;p__Ascomycota;c__Dothideomycetes;o__Capnodiales;f__Cladosporiaceae;g__;s__Cladosporiaceae_sp	
4242	6.0	sk__Eukaryota;k__Fungi;p__Ascomycota;c__Dothideomycetes;o__Pleosporales	
4469	2.0	sk__Eukaryota;k__Fungi;p__Ascomycota;c__Dothideomycetes;o__Pleosporales;f__Didymellaceae	
5692	4.0	sk__Eukaryota;k__Fungi;p__Ascomycota;c__Dothideomycetes;o__Pleosporales;f__Pleosporaceae;g__Alternaria	
7156	1.0	sk__Eukaryota;k__Fungi;p__Ascomycota;c__Eurotiomycetes;o__Chaetothyriales;f__Herpotrichiellaceae	
7227	1.0	sk__Eukaryota;k__Fungi;p__Ascomycota;c__Eurotiomycetes;o__Chaetothyriales;f__Herpotrichiellaceae;g__Exophiala	
7418	6.0	sk__Eukaryota;k__Fungi;p__Ascomycota;c__Eurotiomycetes;o__Eurotiales	
7422	1.0	sk__Eukaryota;k__Fungi;p__Ascomycota;c__Eurotiomycetes;o__Eurotiales;f__Aspergillaceae	
7425	165.0	sk__Eukaryota;k__Fungi;p__Ascomycota;c__Eurotiomycetes;o__Eurotiales;f__Aspergillaceae;g__Aspergillus	
7562	19.0	sk__Eukaryota;k__Fungi;p__Ascomycota;c__Eurotiomycetes;o__Eurotiales;f__Aspergillaceae;g__Aspergillus;s__Aspergillus_fumigatus	
7728	10.0	sk__Eukaryota;k__Fungi;p__Ascomycota;c__Eurotiomycetes;o__Eurotiales;f__Aspergillaceae;g__Aspergillus;s__Aspergillus_sp	
7852	1.0	sk__Eukaryota;k__Fungi;p__Ascomycota;c__Eurotiomycetes;o__Eurotiales;f__Aspergillaceae;g__Penicillium	
8372	3.0	sk__Eukaryota;k__Fungi;p__Ascomycota;c__Eurotiomycetes;o__Eurotiales;f__Trichocomaceae;g__Talaromyces	
9369	1.0	sk__Eukaryota;k__Fungi;p__Ascomycota;c__Geoglossomycetes;o__Geoglossales;f__Geoglossaceae	
14146	1.0	sk__Eukaryota;k__Fungi;p__Ascomycota;c__Leotiomycetes;o__Helotiales	
14338	1.0	sk__Eukaryota;k__Fungi;p__Ascomycota;c__Leotiomycetes;o__Helotiales;f__Helotiaceae	
15934	1.0	sk__Eukaryota;k__Fungi;p__Ascomycota;c__Orbiliomycetes;o__Orbiliales;f__Orbiliaceae;g__Arthrobotrys;s__Arthrobotrys_javanica	
16507	1.0	sk__Eukaryota;k__Fungi;p__Ascomycota;c__Pezizomycetes;o__Pezizales;f__Pyronemataceae;g__;s__Pyronemataceae_sp	
17172	8.0	sk__Eukaryota;k__Fungi;p__Ascomycota;c__Saccharomycetes	
17177	10943.0	sk__Eukaryota;k__Fungi;p__Ascomycota;c__Saccharomycetes;o__Saccharomycetales	
17180	6.0	sk__Eukaryota;k__Fungi;p__Ascomycota;c__Saccharomycetes;o__Saccharomycetales;f__;g__;s__Saccharomycetales_sp	
17195	1.0	sk__Eukaryota;k__Fungi;p__Ascomycota;c__Saccharomycetes;o__Saccharomycetales;f__Debaryomycetaceae;g__Debaryomyces	
17211	7.0	sk__Eukaryota;k__Fungi;p__Ascomycota;c__Saccharomycetes;o__Saccharomycetales;f__Debaryomycetaceae;g__Hyphopichia;s__Hyphopichia_burtonii	
17289	1.0	sk__Eukaryota;k__Fungi;p__Ascomycota;c__Saccharomycetes;o__Saccharomycetales;f__Debaryomycetaceae;g__Yamadazyma	
17307	5095.0	sk__Eukaryota;k__Fungi;p__Ascomycota;c__Saccharomycetes;o__Saccharomycetales;f__Dipodascaceae	
17309	395.0	sk__Eukaryota;k__Fungi;p__Ascomycota;c__Saccharomycetes;o__Saccharomycetales;f__Dipodascaceae;g__;s__Dipodascaceae_sp	
17310	9.0	sk__Eukaryota;k__Fungi;p__Ascomycota;c__Saccharomycetes;o__Saccharomycetales;f__Dipodascaceae;g__Dipodascus	
17316	9.0	sk__Eukaryota;k__Fungi;p__Ascomycota;c__Saccharomycetes;o__Saccharomycetales;f__Dipodascaceae;g__Dipodascus;s__Dipodascus_geotrichum	
17320	9.0	sk__Eukaryota;k__Fungi;p__Ascomycota;c__Saccharomycetes;o__Saccharomycetales;f__Dipodascaceae;g__Galactomyces	
17321	1.0	sk__Eukaryota;k__Fungi;p__Ascomycota;c__Saccharomycetes;o__Saccharomycetales;f__Dipodascaceae;g__Galactomyces;s__Galactomyces_reessii	
17322	7.0	sk__Eukaryota;k__Fungi;p__Ascomycota;c__Saccharomycetes;o__Saccharomycetales;f__Dipodascaceae;g__Galactomyces;s__Galactomyces_sp	
17336	3.0	sk__Eukaryota;k__Fungi;p__Ascomycota;c__Saccharomycetes;o__Saccharomycetales;f__Dipodascaceae;g__Geotrichum;s__Geotrichum_sp	
17389	70.0	sk__Eukaryota;k__Fungi;p__Ascomycota;c__Saccharomycetes;o__Saccharomycetales;f__Metschnikowiaceae	
17391	9.0	sk__Eukaryota;k__Fungi;p__Ascomycota;c__Saccharomycetes;o__Saccharomycetales;f__Metschnikowiaceae;g__;s__Metschnikowiaceae_sp	
17394	1677.0	sk__Eukaryota;k__Fungi;p__Ascomycota;c__Saccharomycetes;o__Saccharomycetales;f__Metschnikowiaceae;g__Clavispora	
17395	488.0	sk__Eukaryota;k__Fungi;p__Ascomycota;c__Saccharomycetes;o__Saccharomycetales;f__Metschnikowiaceae;g__Clavispora;s__Clavispora_lusitaniae	
17398	1.0	sk__Eukaryota;k__Fungi;p__Ascomycota;c__Saccharomycetes;o__Saccharomycetales;f__Metschnikowiaceae;g__Clavispora;s__Clavispora_sp	
17451	435.0	sk__Eukaryota;k__Fungi;p__Ascomycota;c__Saccharomycetes;o__Saccharomycetales;f__Phaffomycetaceae	
17462	136.0	sk__Eukaryota;k__Fungi;p__Ascomycota;c__Saccharomycetes;o__Saccharomycetales;f__Phaffomycetaceae;g__Cyberlindnera	
17468	3.0	sk__Eukaryota;k__Fungi;p__Ascomycota;c__Saccharomycetes;o__Saccharomycetales;f__Phaffomycetaceae;g__Cyberlindnera;s__Cyberlindnera_fabianii	
17470	22.0	sk__Eukaryota;k__Fungi;p__Ascomycota;c__Saccharomycetes;o__Saccharomycetales;f__Phaffomycetaceae;g__Cyberlindnera;s__Cyberlindnera_jadinii	
17499	636.0	sk__Eukaryota;k__Fungi;p__Ascomycota;c__Saccharomycetes;o__Saccharomycetales;f__Phaffomycetaceae;g__Wickerhamomyces	
17501	632.0	sk__Eukaryota;k__Fungi;p__Ascomycota;c__Saccharomycetes;o__Saccharomycetales;f__Phaffomycetaceae;g__Wickerhamomyces;s__Wickerhamomyces_anomalus	
17519	1.0	sk__Eukaryota;k__Fungi;p__Ascomycota;c__Saccharomycetes;o__Saccharomycetales;f__Phaffomycetaceae;g__Wickerhamomyces;s__Wickerhamomyces_sp	
17525	21.0	sk__Eukaryota;k__Fungi;p__Ascomycota;c__Saccharomycetes;o__Saccharomycetales;f__Pichiaceae	
17532	2.0	sk__Eukaryota;k__Fungi;p__Ascomycota;c__Saccharomycetes;o__Saccharomycetales;f__Pichiaceae;g__Dekkera	
17534	52.0	sk__Eukaryota;k__Fungi;p__Ascomycota;c__Saccharomycetes;o__Saccharomycetales;f__Pichiaceae;g__Dekkera;s__Dekkera_bruxellensis	
17596	124.0	sk__Eukaryota;k__Fungi;p__Ascomycota;c__Saccharomycetes;o__Saccharomycetales;f__Pichiaceae;g__Pichia	
17605	2.0	sk__Eukaryota;k__Fungi;p__Ascomycota;c__Saccharomycetes;o__Saccharomycetales;f__Pichiaceae;g__Pichia;s__Pichia_fermentans	
17610	31.0	sk__Eukaryota;k__Fungi;p__Ascomycota;c__Saccharomycetes;o__Saccharomycetales;f__Pichiaceae;g__Pichia;s__Pichia_mandshurica	
17619	1836.0	sk__Eukaryota;k__Fungi;p__Ascomycota;c__Saccharomycetes;o__Saccharomycetales;f__Pichiaceae;g__Pichia;s__Pichia_sp	
17635	116.0	sk__Eukaryota;k__Fungi;p__Ascomycota;c__Saccharomycetes;o__Saccharomycetales;f__Saccharomycetaceae	
17651	133.0	sk__Eukaryota;k__Fungi;p__Ascomycota;c__Saccharomycetes;o__Saccharomycetales;f__Saccharomycetaceae;g__Issatchenkia	
17653	576.0	sk__Eukaryota;k__Fungi;p__Ascomycota;c__Saccharomycetes;o__Saccharomycetales;f__Saccharomycetaceae;g__Issatchenkia;s__Issatchenkia_orientalis	
17694	2056.0	sk__Eukaryota;k__Fungi;p__Ascomycota;c__Saccharomycetes;o__Saccharomycetales;f__Saccharomycetaceae;g__Kluyveromyces	
17699	18.0	sk__Eukaryota;k__Fungi;p__Ascomycota;c__Saccharomycetes;o__Saccharomycetales;f__Saccharomycetaceae;g__Kluyveromyces;s__Kluyveromyces_marxianus	
17702	5.0	sk__Eukaryota;k__Fungi;p__Ascomycota;c__Saccharomycetes;o__Saccharomycetales;f__Saccharomycetaceae;g__Kluyveromyces;s__Kluyveromyces_sp	
17727	656.0	sk__Eukaryota;k__Fungi;p__Ascomycota;c__Saccharomycetes;o__Saccharomycetales;f__Saccharomycetaceae;g__Saccharomyces	
17731	7548.0	sk__Eukaryota;k__Fungi;p__Ascomycota;c__Saccharomycetes;o__Saccharomycetales;f__Saccharomycetaceae;g__Saccharomyces;s__Saccharomyces_cerevisiae	
17737	120.0	sk__Eukaryota;k__Fungi;p__Ascomycota;c__Saccharomycetes;o__Saccharomycetales;f__Saccharomycetaceae;g__Saccharomyces;s__Saccharomyces_sp	
17767	2.0	sk__Eukaryota;k__Fungi;p__Ascomycota;c__Saccharomycetes;o__Saccharomycetales;f__Saccharomycetaceae;g__Zygosaccharomyces	
17786	4.0	sk__Eukaryota;k__Fungi;p__Ascomycota;c__Saccharomycetes;o__Saccharomycetales;f__Saccharomycetales_fam_Incertae_sedis	
17796	37.0	sk__Eukaryota;k__Fungi;p__Ascomycota;c__Saccharomycetes;o__Saccharomycetales;f__Saccharomycetales_fam_Incertae_sedis;g__Candida	
17938	1.0	sk__Eukaryota;k__Fungi;p__Ascomycota;c__Saccharomycetes;o__Saccharomycetales;f__Saccharomycetales_fam_Incertae_sedis;g__Candida;s__Candida_kruisii	
17979	1.0	sk__Eukaryota;k__Fungi;p__Ascomycota;c__Saccharomycetes;o__Saccharomycetales;f__Saccharomycetales_fam_Incertae_sedis;g__Candida;s__Candida_orthopsilosis	
18077	79.0	sk__Eukaryota;k__Fungi;p__Ascomycota;c__Saccharomycetes;o__Saccharomycetales;f__Saccharomycetales_fam_Incertae_sedis;g__Candida;s__Candida_tropicalis	
18176	14.0	sk__Eukaryota;k__Fungi;p__Ascomycota;c__Saccharomycetes;o__Saccharomycetales;f__Saccharomycodaceae	
18179	5220.0	sk__Eukaryota;k__Fungi;p__Ascomycota;c__Saccharomycetes;o__Saccharomycetales;f__Saccharomycodaceae;g__Hanseniaspora	
18181	17.0	sk__Eukaryota;k__Fungi;p__Ascomycota;c__Saccharomycetes;o__Saccharomycetales;f__Saccharomycodaceae;g__Hanseniaspora;s__Hanseniaspora_guilliermondii	
18185	6.0	sk__Eukaryota;k__Fungi;p__Ascomycota;c__Saccharomycetes;o__Saccharomycetales;f__Saccharomycodaceae;g__Hanseniaspora;s__Hanseniaspora_opuntiae	
18190	1.0	sk__Eukaryota;k__Fungi;p__Ascomycota;c__Saccharomycetes;o__Saccharomycetales;f__Saccharomycodaceae;g__Hanseniaspora;s__Hanseniaspora_thailandica	
18325	5.0	sk__Eukaryota;k__Fungi;p__Ascomycota;c__Sordariomycetes	
18598	3.0	sk__Eukaryota;k__Fungi;p__Ascomycota;c__Sordariomycetes;o__Coniochaetales	
18602	2.0	sk__Eukaryota;k__Fungi;p__Ascomycota;c__Sordariomycetes;o__Coniochaetales;f__Coniochaetaceae	
18605	1.0	sk__Eukaryota;k__Fungi;p__Ascomycota;c__Sordariomycetes;o__Coniochaetales;f__Coniochaetaceae;g__Coniochaeta	
18631	45.0	sk__Eukaryota;k__Fungi;p__Ascomycota;c__Sordariomycetes;o__Coniochaetales;f__Coniochaetaceae;g__Coniochaeta;s__Coniochaeta_sp	
19611	2.0	sk__Eukaryota;k__Fungi;p__Ascomycota;c__Sordariomycetes;o__Glomerellales	
19961	7.0	sk__Eukaryota;k__Fungi;p__Ascomycota;c__Sordariomycetes;o__Hypocreales	
19964	2.0	sk__Eukaryota;k__Fungi;p__Ascomycota;c__Sordariomycetes;o__Hypocreales;f__;g__;s__Hypocreales_sp	
20964	11.0	sk__Eukaryota;k__Fungi;p__Ascomycota;c__Sordariomycetes;o__Hypocreales;f__Nectriaceae	
21206	59.0	sk__Eukaryota;k__Fungi;p__Ascomycota;c__Sordariomycetes;o__Hypocreales;f__Nectriaceae;g__Fusarium	
21309	1.0	sk__Eukaryota;k__Fungi;p__Ascomycota;c__Sordariomycetes;o__Hypocreales;f__Nectriaceae;g__Fusarium;s__Fusarium_sp	
21334	99.0	sk__Eukaryota;k__Fungi;p__Ascomycota;c__Sordariomycetes;o__Hypocreales;f__Nectriaceae;g__Gibberella	
22069	1.0	sk__Eukaryota;k__Fungi;p__Ascomycota;c__Sordariomycetes;o__Magnaporthales;f__Magnaporthaceae	
22113	1.0	sk__Eukaryota;k__Fungi;p__Ascomycota;c__Sordariomycetes;o__Magnaporthales;f__Magnaporthaceae;g__Magnaporthe	
23045	9.0	sk__Eukaryota;k__Fungi;p__Ascomycota;c__Sordariomycetes;o__Sordariales	
23048	1.0	sk__Eukaryota;k__Fungi;p__Ascomycota;c__Sordariomycetes;o__Sordariales;f__;g__;s__Sordariales_sp	
23496	3.0	sk__Eukaryota;k__Fungi;p__Ascomycota;c__Sordariomycetes;o__Sordariales;f__Sordariaceae	
25117	2.0	sk__Eukaryota;k__Fungi;p__Basidiomycota	
36578	1.0	sk__Eukaryota;k__Fungi;p__Basidiomycota;c__Agaricomycetes;o__Sebacinales	
36614	1.0	sk__Eukaryota;k__Fungi;p__Basidiomycota;c__Agaricomycetes;o__Sebacinales;f__Sebacinaceae;g__Sebacina;s__Sebacina_sp	
36642	1.0	sk__Eukaryota;k__Fungi;p__Basidiomycota;c__Agaricomycetes;o__Thelephorales	
36645	4.0	sk__Eukaryota;k__Fungi;p__Basidiomycota;c__Agaricomycetes;o__Thelephorales;f__;g__;s__Thelephorales_sp	
37740	1.0	sk__Eukaryota;k__Fungi;p__Basidiomycota;c__Microbotryomycetes;o__Sporidiobolales	
37758	9.0	sk__Eukaryota;k__Fungi;p__Basidiomycota;c__Microbotryomycetes;o__Sporidiobolales;f__Sporidiobolaceae;g__Rhodotorula	
37774	1.0	sk__Eukaryota;k__Fungi;p__Basidiomycota;c__Microbotryomycetes;o__Sporidiobolales;f__Sporidiobolaceae;g__Rhodotorula;s__Rhodotorula_mucilaginosa	
37780	1.0	sk__Eukaryota;k__Fungi;p__Basidiomycota;c__Microbotryomycetes;o__Sporidiobolales;f__Sporidiobolaceae;g__Rhodotorula;s__Rhodotorula_sp	
38499	52.0	sk__Eukaryota;k__Fungi;p__Basidiomycota;c__Tremellomycetes	
38594	5.0	sk__Eukaryota;k__Fungi;p__Basidiomycota;c__Tremellomycetes;o__Filobasidiales;f__Filobasidiaceae;g__Naganishia	
38607	1.0	sk__Eukaryota;k__Fungi;p__Basidiomycota;c__Tremellomycetes;o__Filobasidiales;f__Filobasidiaceae;g__Naganishia;s__Naganishia_sp	
38644	4.0	sk__Eukaryota;k__Fungi;p__Basidiomycota;c__Tremellomycetes;o__Tremellales	
38857	3.0	sk__Eukaryota;k__Fungi;p__Basidiomycota;c__Tremellomycetes;o__Tremellales;f__Rhynchogastremataceae;g__Papiliotrema	
39048	5.0	sk__Eukaryota;k__Fungi;p__Basidiomycota;c__Tremellomycetes;o__Trichosporonales;f__Trichosporonaceae	
39053	420.0	sk__Eukaryota;k__Fungi;p__Basidiomycota;c__Tremellomycetes;o__Trichosporonales;f__Trichosporonaceae;g__Apiotrichum	
39081	1.0	sk__Eukaryota;k__Fungi;p__Basidiomycota;c__Tremellomycetes;o__Trichosporonales;f__Trichosporonaceae;g__Cutaneotrichosporon	
39103	300.0	sk__Eukaryota;k__Fungi;p__Basidiomycota;c__Tremellomycetes;o__Trichosporonales;f__Trichosporonaceae;g__Trichosporon	
39128	1.0	sk__Eukaryota;k__Fungi;p__Basidiomycota;c__Tremellomycetes;o__Trichosporonales;f__Trichosporonaceae;g__Trichosporon;s__Trichosporon_sp	
40552	1.0	sk__Eukaryota;k__Fungi;p__Mucoromycota;c__Mucoromycetes;o__Mucorales	
40676	1.0	sk__Eukaryota;k__Fungi;p__Mucoromycota;c__Mucoromycetes;o__Mucorales;f__Lichtheimiaceae;g__Rhizomucor	
40692	1.0	sk__Eukaryota;k__Fungi;p__Mucoromycota;c__Mucoromycetes;o__Mucorales;f__Mucoraceae	
40728	49.0	sk__Eukaryota;k__Fungi;p__Mucoromycota;c__Mucoromycetes;o__Mucorales;f__Mucoraceae;g__Mucor	
40832	137.0	sk__Eukaryota;k__Fungi;p__Mucoromycota;c__Mucoromycetes;o__Mucorales;f__Rhizopodaceae;g__Rhizopus	
40844	1.0	sk__Eukaryota;k__Fungi;p__Mucoromycota;c__Mucoromycetes;o__Mucorales;f__Rhizopodaceae;g__Rhizopus;s__Rhizopus_sp	
41232	2.0	sk__Eukaryota;k__Ichthyosporia	
41263	1.0	sk__Eukaryota;k__Metazoa	
143570	1.0	sk__Eukaryota;k__Viridiplantae;p__Anthophyta;c__Monocotyledonae;o__Poales;f__Poaceae;g__Sorghum	
